Record_ID	species	tax_class	superorder	tax_order	family	genus	timestamp
1	Guentherus_altivela	Actinopteri	Ateleopodia	Ateleopodiformes	Ateleopodidae	Guentherus	2023-09-19 12:46:00
2	Oryzias_latipes	Actinopteri	Atherinomorphae	Beloniformes	Adrianichthyidae	Oryzias	2023-09-19 12:46:00
3	Oryzias_melastigma	Actinopteri	Atherinomorphae	Beloniformes	Adrianichthyidae	Oryzias	2023-09-19 12:46:00
4	Cyprinodon_nevadensis_pectoralis	Actinopteri	Atherinomorphae	Cyprinodontiformes	Cyprinodontidae	Cyprinodon	2023-09-19 12:46:00
5	Cyprinodon_variegatus	Actinopteri	Atherinomorphae	Cyprinodontiformes	Cyprinodontidae	Cyprinodon	2023-09-19 12:46:00
6	Fundulus_heteroclitus	Actinopteri	Atherinomorphae	Cyprinodontiformes	Fundulidae	Fundulus	2023-09-19 12:46:00
7	Nothobranchius_furzeri	Actinopteri	Atherinomorphae	Cyprinodontiformes	Nothobranchiidae	Nothobranchius	2023-09-19 12:46:00
8	Gambusia_affinis	Actinopteri	Atherinomorphae	Cyprinodontiformes	Poeciliidae	Gambusia	2023-09-19 12:46:00
9	Poecilia_formosa	Actinopteri	Atherinomorphae	Cyprinodontiformes	Poeciliidae	Poecilia	2023-09-19 12:46:00
10	Poecilia_latipinna	Actinopteri	Atherinomorphae	Cyprinodontiformes	Poeciliidae	Poecilia	2023-09-19 12:46:00
11	Poecilia_mexicana	Actinopteri	Atherinomorphae	Cyprinodontiformes	Poeciliidae	Poecilia	2023-09-19 12:46:00
12	Poecilia_reticulata	Actinopteri	Atherinomorphae	Cyprinodontiformes	Poeciliidae	Poecilia	2023-09-19 12:46:00
13	Xiphophorus_maculatus	Actinopteri	Atherinomorphae	Cyprinodontiformes	Poeciliidae	Xiphophorus	2023-09-19 12:46:00
14	Xiphophorus_couchianus	Actinopteri	Atherinomorphae	Cyprinodontiformes	Poeciliidae	Xiphophorus	2023-09-19 12:46:00
15	Xiphophorus_hellerii	Actinopteri	Atherinomorphae	Cyprinodontiformes	Poeciliidae	Xiphophorus	2023-09-19 12:46:00
16	Austrofundulus_limnaeus	Actinopteri	Atherinomorphae	Cyprinodontiformes	Rivulidae	Austrofundulus	2023-09-19 12:46:00
17	Kryptolebias_marmoratus	Actinopteri	Atherinomorphae	Cyprinodontiformes	Rivulidae	Kryptolebias	2023-09-19 12:46:00
18	Astyanax_mexicanus	Actinopteri	Characiphysae	Characiformes	Characidae	Astyanax	2023-09-19 12:46:00
19	Pygocentrus_nattereri	Actinopteri	Characiphysae	Characiformes	Serrasalmidae	Pygocentrus	2023-09-19 12:46:00
20	Ageneiosus_inermis	Actinopteri	Characiphysae	Siluriformes	Auchenipteridae	Ageneiosus	2023-09-19 12:46:00
21	Tachysurus_fulvidraco	Actinopteri	Characiphysae	Siluriformes	Bagridae	Tachysurus	2023-09-19 12:46:00
22	Clarias_batrachus	Actinopteri	Characiphysae	Siluriformes	Clariidae	Clarias	2023-09-19 12:46:00
23	Ictalurus_punctatus	Actinopteri	Characiphysae	Siluriformes	Ictaluridae	Ictalurus	2023-09-19 12:46:00
24	Pangasianodon_hypophthalmus	Actinopteri	Characiphysae	Siluriformes	Pangasiidae	Pangasianodon	2023-09-19 12:46:00
25	Amphilophus_citrinellus	Actinopteri	Cichlomorphae	Cichliformes	Cichlidae	Amphilophus	2023-09-19 12:46:00
26	Astatotilapia_calliptera	Actinopteri	Cichlomorphae	Cichliformes	Cichlidae	Astatotilapia	2023-09-19 12:46:00
27	Haplochromis_burtoni	Actinopteri	Cichlomorphae	Cichliformes	Cichlidae	Haplochromis	2023-09-19 12:46:00
28	Labeotropheus_fuelleborni	Actinopteri	Cichlomorphae	Cichliformes	Cichlidae	Labeotropheus	2023-09-19 12:46:00
29	Maylandia_zebra	Actinopteri	Cichlomorphae	Cichliformes	Cichlidae	Maylandia	2023-09-19 12:46:00
30	Mchenga_conophoros	Actinopteri	Cichlomorphae	Cichliformes	Cichlidae	Mchenga	2023-09-19 12:46:00
31	Melanochromis_auratus	Actinopteri	Cichlomorphae	Cichliformes	Cichlidae	Melanochromis	2023-09-19 12:46:00
32	Neolamprologus_brichardi	Actinopteri	Cichlomorphae	Cichliformes	Cichlidae	Neolamprologus	2023-09-19 12:46:00
33	Oreochromis_niloticus	Actinopteri	Cichlomorphae	Cichliformes	Cichlidae	Oreochromis	2023-09-19 12:46:00
34	Pundamilia_nyererei	Actinopteri	Cichlomorphae	Cichliformes	Cichlidae	Pundamilia	2023-09-19 12:46:00
35	Rhamphochromis_esox	Actinopteri	Cichlomorphae	Cichliformes	Cichlidae	Rhamphochromis	2023-09-19 12:46:00
36	Simochromis_diagramma	Actinopteri	Cichlomorphae	Cichliformes	Cichlidae	Simochromis	2023-09-19 12:46:00
37	Tropheus_moorii	Actinopteri	Cichlomorphae	Cichliformes	Cichlidae	Tropheus	2023-09-19 12:46:00
38	Cirrhinus_molitorella	Actinopteri	Cypriniphysae	Cypriniformes	Cyprinidae	Cirrhinus	2023-09-19 12:46:00
39	Cyprinus_carpio	Actinopteri	Cypriniphysae	Cypriniformes	Cyprinidae	Cyprinus	2023-09-19 12:46:00
40	Labeo_rohita	Actinopteri	Cypriniphysae	Cypriniformes	Cyprinidae	Labeo	2023-09-19 12:46:00
41	Poropuntius_huangchuchieni	Actinopteri	Cypriniphysae	Cypriniformes	Cyprinidae	Poropuntius	2023-09-19 12:46:00
42	Sinocyclocheilus_grahami	Actinopteri	Cypriniphysae	Cypriniformes	Cyprinidae	Sinocyclocheilus	2023-09-19 12:46:00
43	Sinocyclocheilus_rhinocerous	Actinopteri	Cypriniphysae	Cypriniformes	Cyprinidae	Sinocyclocheilus	2023-09-19 12:46:00
44	Sinocyclocheilus_anshuiensis	Actinopteri	Cypriniphysae	Cypriniformes	Cyprinidae	Sinocyclocheilus	2023-09-19 12:46:00
45	Danio_rerio	Actinopteri	Cypriniphysae	Cypriniformes	Danionidae	Danio	2023-09-19 12:46:00
46	Danionella_dracula	Actinopteri	Cypriniphysae	Cypriniformes	Danionidae	Danionella	2023-09-19 12:46:00
47	Leuciscus_waleckii	Actinopteri	Cypriniphysae	Cypriniformes	Leuciscidae	Leuciscus	2023-09-19 12:46:00
48	Pimephales_promelas	Actinopteri	Cypriniphysae	Cypriniformes	Leuciscidae	Pimephales	2023-09-19 12:46:00
49	Anabarilius_grahami	Actinopteri	Cypriniphysae	Cypriniformes	Xenocyprididae	Anabarilius	2023-09-19 12:46:00
50	Hypophthalmichthys_nobilis	Actinopteri	Cypriniphysae	Cypriniformes	Xenocyprididae	Hypophthalmichthys	2023-09-19 12:46:00
51	Hypophthalmichthys_molitrix	Actinopteri	Cypriniphysae	Cypriniformes	Xenocyprididae	Hypophthalmichthys	2023-09-19 12:46:00
52	Acipenser_ruthenus	Actinopteri	Unclassified	Acipenseriformes	Acipenseridae	Acipenser	2023-09-19 12:46:00
53	Anabas_testudineus	Actinopteri	Unclassified	Anabantiformes	Anabantidae	Anabas	2023-09-19 12:46:00
54	Helostoma_temminkii	Actinopteri	Unclassified	Anabantiformes	Helostomatidae	Helostoma	2023-09-19 12:46:00
55	Betta_splendens	Actinopteri	Unclassified	Anabantiformes	Osphronemidae	Betta	2023-09-19 12:46:00
56	Anguilla_anguilla	Actinopteri	Unclassified	Anguilliformes	Anguillidae	Anguilla	2023-09-19 12:46:00
57	Anguilla_japonica	Actinopteri	Unclassified	Anguilliformes	Anguillidae	Anguilla	2023-09-19 12:46:00
58	Anguilla_rostrata	Actinopteri	Unclassified	Anguilliformes	Anguillidae	Anguilla	2023-09-19 12:46:00
59	Chatrabus_melanurus	Actinopteri	Unclassified	Batrachoidiformes	Batrachoididae	Chatrabus	2023-09-19 12:46:00
60	Beryx_splendens	Actinopteri	Unclassified	Beryciformes	Berycidae	Beryx	2023-09-19 12:46:00
61	Rondeletia_loricata	Actinopteri	Unclassified	Beryciformes	Rondeletiidae	Rondeletia	2023-09-19 12:46:00
62	Parablennius_parvicornis	Actinopteri	Unclassified	Blenniiformes	Blenniidae	Parablennius	2023-09-19 12:46:00
63	Salarias_fasciatus	Actinopteri	Unclassified	Blenniiformes	Blenniidae	Salarias	2023-09-19 12:46:00
64	Seriola_rivoliana	Actinopteri	Unclassified	Carangiformes	Carangidae	Seriola	2023-09-19 12:46:00
65	Seriola_quinqueradiata	Actinopteri	Unclassified	Carangiformes	Carangidae	Seriola	2023-09-19 12:46:00
66	Seriola_lalandi_dorsalis	Actinopteri	Unclassified	Carangiformes	Carangidae	Seriola	2023-09-19 12:46:00
67	Seriola_dumerili	Actinopteri	Unclassified	Carangiformes	Carangidae	Seriola	2023-09-19 12:46:00
68	Trachinotus_ovatus	Actinopteri	Unclassified	Carangiformes	Carangidae	Trachinotus	2023-09-19 12:46:00
69	Micropterus_floridanus	Actinopteri	Unclassified	Centrarchiformes	Centrarchidae	Micropterus	2023-09-19 12:46:00
70	Oplegnathus_fasciatus	Actinopteri	Unclassified	Centrarchiformes	Oplegnathidae	Oplegnathus	2023-09-19 12:46:00
71	Maccullochella_peelii	Actinopteri	Unclassified	Centrarchiformes	Percichthyidae	Maccullochella	2023-09-19 12:46:00
72	Macquaria_australasica	Actinopteri	Unclassified	Centrarchiformes	Percichthyidae	Macquaria	2023-09-19 12:46:00
73	Clupea_harengus	Actinopteri	Unclassified	Clupeiformes	Clupeidae	Clupea	2023-09-19 12:46:00
74	Sardina_pilchardus	Actinopteri	Unclassified	Clupeiformes	Clupeidae	Sardina	2023-09-19 12:46:00
75	Tenualosa_ilisha	Actinopteri	Unclassified	Clupeiformes	Clupeidae	Tenualosa	2023-09-19 12:46:00
76	Denticeps_clupeoides	Actinopteri	Unclassified	Clupeiformes	Denticipitidae	Denticeps	2023-09-19 12:46:00
77	Esox_lucius	Actinopteri	Unclassified	Esociformes	Esocidae	Esox	2023-09-19 12:46:00
78	Bregmaceros_cantori	Actinopteri	Unclassified	Gadiformes	Bregmacerotidae	Bregmaceros	2023-09-19 12:46:00
79	Arctogadus_glacialis	Actinopteri	Unclassified	Gadiformes	Gadidae	Arctogadus	2023-09-19 12:46:00
80	Boreogadus_saida	Actinopteri	Unclassified	Gadiformes	Gadidae	Boreogadus	2023-09-19 12:46:00
81	Gadiculus_argenteus	Actinopteri	Unclassified	Gadiformes	Gadidae	Gadiculus	2023-09-19 12:46:00
82	Gadus_morhua	Actinopteri	Unclassified	Gadiformes	Gadidae	Gadus	2023-09-19 12:46:00
83	Gadus_chalcogrammus	Actinopteri	Unclassified	Gadiformes	Gadidae	Gadus	2023-09-19 12:46:00
84	Trisopterus_minutus	Actinopteri	Unclassified	Gadiformes	Gadidae	Trisopterus	2023-09-19 12:46:00
85	Brosme_brosme	Actinopteri	Unclassified	Gadiformes	Lotidae	Brosme	2023-09-19 12:46:00
86	Lota_lota	Actinopteri	Unclassified	Gadiformes	Lotidae	Lota	2023-09-19 12:46:00
87	Bathygadus_melanobranchus	Actinopteri	Unclassified	Gadiformes	Macrouridae	Bathygadus	2023-09-19 12:46:00
88	Coryphaenoides_rupestris	Actinopteri	Unclassified	Gadiformes	Macrouridae	Coryphaenoides	2023-09-19 12:46:00
89	Mora_moro	Actinopteri	Unclassified	Gadiformes	Moridae	Mora	2023-09-19 12:46:00
90	Phycis_phycis	Actinopteri	Unclassified	Gadiformes	Phycidae	Phycis	2023-09-19 12:46:00
91	Phycis_blennoides	Actinopteri	Unclassified	Gadiformes	Phycidae	Phycis	2023-09-19 12:46:00
92	Boleophthalmus_pectinirostris	Actinopteri	Unclassified	Gobiiformes	Gobiidae	Boleophthalmus	2023-09-19 12:46:00
93	Lesueurigobius_sanzi	Actinopteri	Unclassified	Gobiiformes	Gobiidae	Lesueurigobius	2023-09-19 12:46:00
94	Periophthalmodon_schlosseri	Actinopteri	Unclassified	Gobiiformes	Gobiidae	Periophthalmodon	2023-09-19 12:46:00
95	Periophthalmus_magnuspinnatus	Actinopteri	Unclassified	Gobiiformes	Gobiidae	Periophthalmus	2023-09-19 12:46:00
96	Scartelaos_histophorus	Actinopteri	Unclassified	Gobiiformes	Gobiidae	Scartelaos	2023-09-19 12:46:00
97	Holocentrus_rufus	Actinopteri	Unclassified	Holocentriformes	Holocentridae	Holocentrus	2023-09-19 12:46:00
98	Symphodus_melops	Actinopteri	Unclassified	Labriformes	Labridae	Symphodus	2023-09-19 12:46:00
99	Lampris_guttatus	Actinopteri	Unclassified	Lampriformes	Lampridae	Lampris	2023-09-19 12:46:00
100	Regalecus_glesne	Actinopteri	Unclassified	Lampriformes	Regalecidae	Regalecus	2023-09-19 12:46:00
101	Antennarius_striatus	Actinopteri	Unclassified	Lophiiformes	Antennariidae	Antennarius	2023-09-19 12:46:00
102	Mugil_soiuy	Actinopteri	Unclassified	Mugiliformes	Mugilidae	Mugil	2023-09-19 12:46:00
103	Benthosema_glaciale	Actinopteri	Unclassified	Myctophiformes	Myctophidae	Benthosema	2023-09-19 12:46:00
104	Brotula_barbata	Actinopteri	Unclassified	Ophidiiformes	Ophidiidae	Brotula	2023-09-19 12:46:00
105	Lamprogrammus_exutus	Actinopteri	Unclassified	Ophidiiformes	Ophidiidae	Lamprogrammus	2023-09-19 12:46:00
106	Mallotus_villosus	Actinopteri	Unclassified	Osmeriformes	Salangidae	Mallotus	2023-09-19 12:46:00
107	Paramormyrops_kingsleyae	Actinopteri	Unclassified	Osteoglossiformes	Mormyridae	Paramormyrops	2023-09-19 12:46:00
108	Arapaima_gigas	Actinopteri	Unclassified	Osteoglossiformes	Osteoglossidae	Arapaima	2023-09-19 12:46:00
109	Scleropages_formosus	Actinopteri	Unclassified	Osteoglossiformes	Osteoglossidae	Scleropages	2023-09-19 12:46:00
110	Lateolabrax_maculatus	Actinopteri	Unclassified	Pempheriformes	Lateolabracidae	Lateolabrax	2023-09-19 12:46:00
111	Anoplopoma_fimbria	Actinopteri	Unclassified	Perciformes	Anoplopomatidae	Anoplopoma	2023-09-19 12:46:00
112	Chaenocephalus_aceratus	Actinopteri	Unclassified	Perciformes	Channichthyidae	Chaenocephalus	2023-09-19 12:46:00
113	Cottus_rhenanus	Actinopteri	Unclassified	Perciformes	Cottidae	Cottus	2023-09-19 12:46:00
114	Gasterosteus_aculeatus	Actinopteri	Unclassified	Perciformes	Gasterosteidae	Gasterosteus	2023-09-19 12:46:00
115	Pungitius_pungitius	Actinopteri	Unclassified	Perciformes	Gasterosteidae	Pungitius	2023-09-19 12:46:00
116	Notothenia_coriiceps	Actinopteri	Unclassified	Perciformes	Nototheniidae	Notothenia	2023-09-19 12:46:00
117	Etheostoma_cragini	Actinopteri	Unclassified	Perciformes	Percidae	Etheostoma	2023-09-19 12:46:00
118	Perca_fluviatilis	Actinopteri	Unclassified	Perciformes	Percidae	Perca	2023-09-19 12:46:00
119	Perca_flavescens	Actinopteri	Unclassified	Perciformes	Percidae	Perca	2023-09-19 12:46:00
120	Sebastes_nigrocinctus	Actinopteri	Unclassified	Perciformes	Sebastidae	Sebastes	2023-09-19 12:46:00
121	Sebastes_rubrivinctus	Actinopteri	Unclassified	Perciformes	Sebastidae	Sebastes	2023-09-19 12:46:00
122	Sebastes_steindachneri	Actinopteri	Unclassified	Perciformes	Sebastidae	Sebastes	2023-09-19 12:46:00
123	Sebastes_minor	Actinopteri	Unclassified	Perciformes	Sebastidae	Sebastes	2023-09-19 12:46:00
124	Sebastes_aleutianus	Actinopteri	Unclassified	Perciformes	Sebastidae	Sebastes	2023-09-19 12:46:00
125	Cromileptes_altivelis	Actinopteri	Unclassified	Perciformes	Serranidae	Cromileptes	2023-09-19 12:46:00
126	Epinephelus_moara	Actinopteri	Unclassified	Perciformes	Serranidae	Epinephelus	2023-09-19 12:46:00
127	Epinephelus_lanceolatus	Actinopteri	Unclassified	Perciformes	Serranidae	Epinephelus	2023-09-19 12:46:00
128	Hypoplectrus_puella	Actinopteri	Unclassified	Perciformes	Serranidae	Hypoplectrus	2023-09-19 12:46:00
129	Typhlichthys_subterraneus	Actinopteri	Unclassified	Percopsiformes	Amblyopsidae	Typhlichthys	2023-09-19 12:46:00
130	Cynoglossus_semilaevis	Actinopteri	Unclassified	Pleuronectiformes	Cynoglossidae	Cynoglossus	2023-09-19 12:46:00
131	Paralichthys_olivaceus	Actinopteri	Unclassified	Pleuronectiformes	Paralichthyidae	Paralichthys	2023-09-19 12:46:00
132	Pseudopleuronectes_yokohamae	Actinopteri	Unclassified	Pleuronectiformes	Pleuronectidae	Pseudopleuronectes	2023-09-19 12:46:00
133	Reinhardtius_hippoglossoides	Actinopteri	Unclassified	Pleuronectiformes	Pleuronectidae	Reinhardtius	2023-09-19 12:46:00
134	Scophthalmus_maximus	Actinopteri	Unclassified	Pleuronectiformes	Scophthalmidae	Scophthalmus	2023-09-19 12:46:00
135	Erpetoichthys_calabaricus	Actinopteri	Unclassified	Polypteriformes	Polypteridae	Erpetoichthys	2023-09-19 12:46:00
136	Hucho_hucho	Actinopteri	Unclassified	Salmoniformes	Salmonidae	Hucho	2023-09-19 12:46:00
137	Oncorhynchus_tshawytscha	Actinopteri	Unclassified	Salmoniformes	Salmonidae	Oncorhynchus	2023-09-19 12:46:00
138	Oncorhynchus_kisutch	Actinopteri	Unclassified	Salmoniformes	Salmonidae	Oncorhynchus	2023-09-19 12:46:00
139	Salmo_salar	Actinopteri	Unclassified	Salmoniformes	Salmonidae	Salmo	2023-09-19 12:46:00
140	Salvelinus_alpinus	Actinopteri	Unclassified	Salmoniformes	Salmonidae	Salvelinus	2023-09-19 12:46:00
141	Thymallus_thymallus	Actinopteri	Unclassified	Salmoniformes	Salmonidae	Thymallus	2023-09-19 12:46:00
142	Thunnus_orientalis	Actinopteri	Unclassified	Scombriformes	Scombridae	Thunnus	2023-09-19 12:46:00
143	Thunnus_thynnus	Actinopteri	Unclassified	Scombriformes	Scombridae	Thunnus	2023-09-19 12:46:00
144	Thunnus_albacares	Actinopteri	Unclassified	Scombriformes	Scombridae	Thunnus	2023-09-19 12:46:00
145	Pampus_argenteus	Actinopteri	Unclassified	Scombriformes	Stromateidae	Pampus	2023-09-19 12:46:00
146	Lepisosteus_oculatus	Actinopteri	Unclassified	Semionotiformes	Lepisosteidae	Lepisosteus	2023-09-19 12:46:00
147	Pagrus_major	Actinopteri	Unclassified	Spariformes	Sparidae	Pagrus	2023-09-19 12:46:00
148	Sparus_aurata	Actinopteri	Unclassified	Spariformes	Sparidae	Sparus	2023-09-19 12:46:00
149	Stylephorus_chordatus	Actinopteri	Unclassified	Stylephoriformes	Stylephoridae	Stylephorus	2023-09-19 12:46:00
150	Mastacembelus_armatus	Actinopteri	Unclassified	Synbranchiformes	Mastacembelidae	Mastacembelus	2023-09-19 12:46:00
151	Monopterus_albus	Actinopteri	Unclassified	Synbranchiformes	Synbranchidae	Monopterus	2023-09-19 12:46:00
152	Hippocampus_comes	Actinopteri	Unclassified	Syngnathiformes	Syngnathidae	Hippocampus	2023-09-19 12:46:00
153	Syngnathus_scovelli	Actinopteri	Unclassified	Syngnathiformes	Syngnathidae	Syngnathus	2023-09-19 12:46:00
154	Mola_mola	Actinopteri	Unclassified	Tetraodontiformes	Molidae	Mola	2023-09-19 12:46:00
155	Takifugu_rubripes	Actinopteri	Unclassified	Tetraodontiformes	Tetraodontidae	Takifugu	2023-09-19 12:46:00
156	Takifugu_flavidus	Actinopteri	Unclassified	Tetraodontiformes	Tetraodontidae	Takifugu	2023-09-19 12:46:00
157	Takifugu_bimaculatus	Actinopteri	Unclassified	Tetraodontiformes	Tetraodontidae	Takifugu	2023-09-19 12:46:00
158	Tetraodon_nigroviridis	Actinopteri	Unclassified	Tetraodontiformes	Tetraodontidae	Tetraodon	2023-09-19 12:46:00
159	Parambassis_ranga	Actinopteri	Unclassified	Unclassified	Ambassidae	Parambassis	2023-09-19 12:46:00
160	Lates_calcarifer	Actinopteri	Unclassified	Unclassified	Centropomidae	Lates	2023-09-19 12:46:00
161	Dicentrarchus_labrax	Actinopteri	Unclassified	Unclassified	Moronidae	Dicentrarchus	2023-09-19 12:46:00
162	Acanthochromis_polyacanthus	Actinopteri	Unclassified	Unclassified	Pomacentridae	Acanthochromis	2023-09-19 12:46:00
163	Amphiprion_percula	Actinopteri	Unclassified	Unclassified	Pomacentridae	Amphiprion	2023-09-19 12:46:00
164	Amphiprion_ocellaris	Actinopteri	Unclassified	Unclassified	Pomacentridae	Amphiprion	2023-09-19 12:46:00
165	Amphiprion_frenatus	Actinopteri	Unclassified	Unclassified	Pomacentridae	Amphiprion	2023-09-19 12:46:00
166	Chromis_chromis	Actinopteri	Unclassified	Unclassified	Pomacentridae	Chromis	2023-09-19 12:46:00
167	Stegastes_partitus	Actinopteri	Unclassified	Unclassified	Pomacentridae	Stegastes	2023-09-19 12:46:00
168	Collichthys_lucidus	Actinopteri	Unclassified	Unclassified	Sciaenidae	Collichthys	2023-09-19 12:46:00
169	Larimichthys_crocea	Actinopteri	Unclassified	Unclassified	Sciaenidae	Larimichthys	2023-09-19 12:46:00
170	Miichthys_miiuy	Actinopteri	Unclassified	Unclassified	Sciaenidae	Miichthys	2023-09-19 12:46:00
171	Zeus_faber	Actinopteri	Unclassified	Zeiformes	Zeidae	Zeus	2023-09-19 12:46:00
172	Eptatretus_burgeri	Agnatha	Myxini	Myxiniformes	Myxinidae	Eptatretus	2023-09-19 12:46:00
173	Lethenteron_camtschaticum	Agnatha	Unclassified	Petromyzontiformes	Petromyzontidae	Lethenteron	2023-09-19 12:46:00
174	Petromyzon_marinus	Agnatha	Unclassified	Petromyzontiformes	Petromyzontidae	Petromyzon	2023-09-19 12:46:00
175	Bombina_variegata_variegata	Amphibia	Batrachia	Anura	Bombinatoridae	Bombina	2023-09-19 12:46:00
176	Dendropsophus_ebraccatus	Amphibia	Batrachia	Anura	Hylidae	Dendropsophus	2023-09-19 12:46:00
177	Bufo_gargarizans	Amphibia	Batrachia	Anura	Bufonidae	Bufo	2023-09-19 12:46:00
178	Bufo_bufo	Amphibia	Batrachia	Anura	Bufonidae	Bufo	2023-09-19 12:46:00
179	Rhinella_marina	Amphibia	Batrachia	Anura	Bufonidae	Rhinella	2023-09-19 12:46:00
180	Oophaga_pumilio	Amphibia	Batrachia	Anura	Dendrobatidae	Oophaga	2023-09-19 12:46:00
181	Ranitomeya_imitator	Amphibia	Batrachia	Anura	Dendrobatidae	Ranitomeya	2023-09-19 12:46:00
182	Nanorana_parkeri	Amphibia	Batrachia	Anura	Dicroglossidae	Nanorana	2023-09-19 12:46:00
183	Phrynoglossus_myanhessei	Amphibia	Batrachia	Anura	Dicroglossidae	Phrynoglossus	2023-09-19 12:46:00
184	Eleutherodactylus_coqui	Amphibia	Batrachia	Anura	Eleutherodactylidae	Eleutherodactylus	2023-09-19 12:46:00
185	Engystomops_pustulosus	Amphibia	Batrachia	Anura	Leptodactylidae	Engystomops	2023-09-19 12:46:00
186	Limnodynastes_dumerilii	Amphibia	Batrachia	Anura	Limnodynastidae	Limnodynastes	2023-09-19 12:46:00
187	Limnodynastes_ornatus	Amphibia	Batrachia	Anura	Limnodynastidae	Limnodynastes	2023-09-19 12:46:00
188	Platyplectrum_ornatum	Amphibia	Batrachia	Anura	Limnodynastidae	Platyplectrum	2023-09-19 12:46:00
189	Leptobrachium_ailaonicum	Amphibia	Batrachia	Anura	Megophryidae	Leptobrachium	2023-09-19 12:46:00
190	Leptobrachium_leishanense	Amphibia	Batrachia	Anura	Megophryidae	Leptobrachium	2023-09-19 12:46:00
191	Spea_multiplicata	Amphibia	Batrachia	Anura	Pelobatidae	Spea	2023-09-19 12:46:00
192	Hymenochirus_boettgeri	Amphibia	Batrachia	Anura	Pipidae	Hymenochirus	2023-09-19 12:46:00
193	Pipa_carvalhoi	Amphibia	Batrachia	Anura	Pipidae	Pipa	2023-09-19 12:46:00
194	Pipa_parva	Amphibia	Batrachia	Anura	Pipidae	Pipa	2023-09-19 12:46:00
195	Xenopus_tropicalis	Amphibia	Batrachia	Anura	Pipidae	Xenopus	2023-09-19 12:46:00
196	Xenopus_laevis	Amphibia	Batrachia	Anura	Pipidae	Xenopus	2023-09-19 12:46:00
197	Pyxicephalus_adspersus	Amphibia	Batrachia	Anura	Pyxicephalidae	Pyxicephalus	2023-09-19 12:46:00
198	Glandirana_rugosa	Amphibia	Batrachia	Anura	Ranidae	Glandirana	2023-09-19 12:46:00
199	Rana_catesbeiana	Amphibia	Batrachia	Anura	Ranidae	Lithobates	2023-09-19 12:46:00
200	Lithobates_catesbeianus	Amphibia	Batrachia	Anura	Ranidae	Lithobates	2023-09-19 12:46:00
201	Rana_temporaria	Amphibia	Batrachia	Anura	Ranidae	Rana	2023-09-19 12:46:00
202	Ambystoma_mexicanum	Amphibia	Batrachia	Caudata	Ambystomatidae	Ambystoma	2023-09-19 12:46:00
203	Hynobius_chinensis	Amphibia	Batrachia	Caudata	Hynobiidae	Hynobius	2023-09-19 12:46:00
204	Cynops_pyrrhogaster	Amphibia	Batrachia	Caudata	Salamandridae	Cynops	2023-09-19 12:46:00
205	Notophthalmus_viridescens	Amphibia	Batrachia	Caudata	Salamandridae	Notophthalmus	2023-09-19 12:46:00
206	Triturus_carnifex	Amphibia	Batrachia	Caudata	Salamandridae	Triturus	2023-09-19 12:46:00
207	Geotrypetes_seraphini	Amphibia	Unclassified	Gymnophiona	Dermophiidae	Geotrypetes	2023-09-19 12:46:00
208	Rhinatrema_bivittatum	Amphibia	Unclassified	Gymnophiona	Rhinatrematidae	Rhinatrema	2023-09-19 12:46:00
209	Microcaecilia_unicolor	Amphibia	Unclassified	Gymnophiona	Siphonopidae	Microcaecilia	2023-09-19 12:46:00
210	Anas_platyrhynchos	Aves	Galloanserae	Anseriformes	Anatidae	Anas	2023-09-19 12:46:00
211	Anas_zonorhyncha	Aves	Galloanserae	Anseriformes	Anatidae	Anas	2023-09-19 12:46:00
212	Anser_cygnoides	Aves	Galloanserae	Anseriformes	Anatidae	Anser	2023-09-19 12:46:00
213	Anser_brachyrhynchus	Aves	Galloanserae	Anseriformes	Anatidae	Anser	2023-09-19 12:46:00
214	Oxyura_jamaicensis	Aves	Galloanserae	Anseriformes	Anatidae	Oxyura	2023-09-19 12:46:00
215	Numida_meleagris	Aves	Galloanserae	Galliformes	Numididae	Numida	2023-09-19 12:46:00
216	Callipepla_squamata	Aves	Galloanserae	Galliformes	Odontophoridae	Callipepla	2023-09-19 12:46:00
217	Colinus_virginianus	Aves	Galloanserae	Galliformes	Odontophoridae	Colinus	2023-09-19 12:46:00
218	Bambusicola_thoracicus	Aves	Galloanserae	Galliformes	Phasianidae	Bambusicola	2023-09-19 12:46:00
219	Chrysolophus_pictus	Aves	Galloanserae	Galliformes	Phasianidae	Chrysolophus	2023-09-19 12:46:00
220	Coturnix_japonica	Aves	Galloanserae	Galliformes	Phasianidae	Coturnix	2023-09-19 12:46:00
221	Gallus_gallus	Aves	Galloanserae	Galliformes	Phasianidae	Gallus	2023-09-19 12:46:00
222	Lyrurus_tetrix	Aves	Galloanserae	Galliformes	Phasianidae	Lyrurus	2023-09-19 12:46:00
223	Meleagris_gallopavo	Aves	Galloanserae	Galliformes	Phasianidae	Meleagris	2023-09-19 12:46:00
224	Phasianus_colchicus	Aves	Galloanserae	Galliformes	Phasianidae	Phasianus	2023-09-19 12:46:00
225	Tympanuchus_cupido	Aves	Galloanserae	Galliformes	Phasianidae	Tympanuchus	2023-09-19 12:46:00
226	Nannopterum_brasilianus	Aves	Neognathae	Pelecaniformes	Phalacrocoracidae	Nannopterum	2023-09-19 12:46:00
227	Apteryx_australis_mantelli	Aves	Palaeognathae	Apterygiformes	Apterygidae	Apteryx	2023-09-19 12:46:00
228	Apteryx_rowi	Aves	Palaeognathae	Apterygiformes	Apterygidae	Apteryx	2023-09-19 12:46:00
229	Apteryx_haastii	Aves	Palaeognathae	Apterygiformes	Apterygidae	Apteryx	2023-09-19 12:46:00
230	Casuarius_casuarius	Aves	Palaeognathae	Casuariiformes	Casuariidae	Casuarius	2023-09-19 12:46:00
231	Dromaius_novaehollandiae	Aves	Palaeognathae	Casuariiformes	Dromaiidae	Dromaius	2023-09-19 12:46:00
232	Anomalopteryx_didiformis	Aves	Palaeognathae	Dinornithiformes	Emeidae	Anomalopteryx	2023-09-19 12:46:00
233	Rhea_americana	Aves	Palaeognathae	Rheiformes	Rheidae	Rhea	2023-09-19 12:46:00
234	Pterocnemia_pennata	Aves	Palaeognathae	Rheiformes	Rheidae	Rhea	2023-09-19 12:46:00
235	Struthio_camelus	Aves	Palaeognathae	Struthioniformes	Struthionidae	Struthio	2023-09-19 12:46:00
236	Nothoprocta_perdicaria	Aves	Palaeognathae	Tinamiformes	Tinamidae	Nothoprocta	2023-09-19 12:46:00
237	Tinamus_guttatus	Aves	Palaeognathae	Tinamiformes	Tinamidae	Tinamus	2023-09-19 12:46:00
238	Aquila_chrysaetos_canadensis	Aves	Unclassified	Accipitriformes	Accipitridae	Aquila	2023-09-19 12:46:00
239	Haliaeetus_albicilla	Aves	Unclassified	Accipitriformes	Accipitridae	Haliaeetus	2023-09-19 12:46:00
240	Haliaeetus_leucocephalus	Aves	Unclassified	Accipitriformes	Accipitridae	Haliaeetus	2023-09-19 12:46:00
241	Nisaetus_nipalensis	Aves	Unclassified	Accipitriformes	Accipitridae	Nisaetus	2023-09-19 12:46:00
242	Cathartes_aura	Aves	Unclassified	Accipitriformes	Cathartidae	Cathartes	2023-09-19 12:46:00
243	Chaetura_pelagica	Aves	Unclassified	Apodiformes	Apodidae	Chaetura	2023-09-19 12:46:00
244	Calypte_anna	Aves	Unclassified	Apodiformes	Trochilidae	Calypte	2023-09-19 12:46:00
245	Buceros_rhinoceros	Aves	Unclassified	Bucerotiformes	Bucerotidae	Buceros	2023-09-19 12:46:00
246	Antrostomus_carolinensis	Aves	Unclassified	Caprimulgiformes	Caprimulgidae	Antrostomus	2023-09-19 12:46:00
247	Cariama_cristata	Aves	Unclassified	Cariamiformes	Cariamidae	Cariama	2023-09-19 12:46:00
248	Uria_lomvia	Aves	Unclassified	Charadriiformes	Alcidae	Uria	2023-09-19 12:46:00
249	Charadrius_vociferus	Aves	Unclassified	Charadriiformes	Charadriidae	Charadrius	2023-09-19 12:46:00
250	Himantopus_himantopus	Aves	Unclassified	Charadriiformes	Recurvirostridae	Himantopus	2023-09-19 12:46:00
251	Recurvirostra_avosetta	Aves	Unclassified	Charadriiformes	Recurvirostridae	Recurvirostra	2023-09-19 12:46:00
252	Calidris_pugnax	Aves	Unclassified	Charadriiformes	Scolopacidae	Calidris	2023-09-19 12:46:00
253	Eurynorhynchus_pygmeus	Aves	Unclassified	Charadriiformes	Scolopacidae	Calidris	2023-09-19 12:46:00
254	Limosa_lapponica_baueri	Aves	Unclassified	Charadriiformes	Scolopacidae	Limosa	2023-09-19 12:46:00
255	Ciconia_boyciana	Aves	Unclassified	Ciconiiformes	Ciconiidae	Ciconia	2023-09-19 12:46:00
256	Pterocles_gutturalis	Aves	Unclassified	Ciconiiformes	Pteroclidae	Pterocles	2023-09-19 12:46:00
257	Colius_striatus	Aves	Unclassified	Coliiformes	Coliidae	Colius	2023-09-19 12:46:00
258	Columba_livia	Aves	Unclassified	Columbiformes	Columbidae	Columba	2023-09-19 12:46:00
259	Patagioenas_fasciata	Aves	Unclassified	Columbiformes	Columbidae	Patagioenas	2023-09-19 12:46:00
260	Leptosomus_discolor	Aves	Unclassified	Coraciiformes	Leptosomidae	Leptosomus	2023-09-19 12:46:00
261	Merops_nubicus	Aves	Unclassified	Coraciiformes	Meropidae	Merops	2023-09-19 12:46:00
262	Cuculus_canorus	Aves	Unclassified	Cuculiformes	Cuculidae	Cuculus	2023-09-19 12:46:00
263	Falco_peregrinus	Aves	Unclassified	Falconiformes	Falconidae	Falco	2023-09-19 12:46:00
264	Falco_cherrug	Aves	Unclassified	Falconiformes	Falconidae	Falco	2023-09-19 12:46:00
265	Gavia_stellata	Aves	Unclassified	Gaviiformes	Gaviidae	Gavia	2023-09-19 12:46:00
266	Eurypyga_helias	Aves	Unclassified	Gruiformes	Eurypygidae	Eurypyga	2023-09-19 12:46:00
267	Grus_vipio	Aves	Unclassified	Gruiformes	Gruidae	Antigone	2023-09-19 12:46:00
268	Balearica_regulorum	Aves	Unclassified	Gruiformes	Gruidae	Balearica	2023-09-19 12:46:00
269	Grus_japonensis	Aves	Unclassified	Gruiformes	Gruidae	Grus	2023-09-19 12:46:00
270	Grus_monacha	Aves	Unclassified	Gruiformes	Gruidae	Grus	2023-09-19 12:46:00
271	Mesitornis_unicolor	Aves	Unclassified	Gruiformes	Mesitornithidae	Mesitornis	2023-09-19 12:46:00
272	Ardeotis_arabs	Aves	Unclassified	Gruiformes	Otididae	Ardeotis	2023-09-19 12:46:00
273	Chlamydotis_undulata	Aves	Unclassified	Gruiformes	Otididae	Chlamydotis	2023-09-19 12:46:00
274	Chlamydotis_macqueenii	Aves	Unclassified	Gruiformes	Otididae	Chlamydotis	2023-09-19 12:46:00
275	Gallirallus_okinawae	Aves	Unclassified	Gruiformes	Rallidae	Hypotaenidia	2023-09-19 12:46:00
276	Tauraco_erythrolophus	Aves	Unclassified	Musophagiformes	Musophagidae	Tauraco	2023-09-19 12:46:00
277	Opisthocomus_hoazin	Aves	Unclassified	Opisthocomiformes	Opisthocomidae	Opisthocomus	2023-09-19 12:46:00
278	Acanthisitta_chloris	Aves	Unclassified	Passeriformes	Acanthisittidae	Acanthisitta	2023-09-19 12:46:00
279	Alauda_arvensis	Aves	Unclassified	Passeriformes	Alaudidae	Alauda	2023-09-19 12:46:00
280	Corvus_brachyrhynchos	Aves	Unclassified	Passeriformes	Corvidae	Corvus	2023-09-19 12:46:00
281	Corvus_cornix_cornix	Aves	Unclassified	Passeriformes	Corvidae	Corvus	2023-09-19 12:46:00
282	Corvus_hawaiiensis	Aves	Unclassified	Passeriformes	Corvidae	Corvus	2023-09-19 12:46:00
283	Lonchura_striata_domestica	Aves	Unclassified	Passeriformes	Estrildidae	Lonchura	2023-09-19 12:46:00
284	Taeniopygia_guttata	Aves	Unclassified	Passeriformes	Estrildidae	Taeniopygia	2023-09-19 12:46:00
285	Hemignathus_virens	Aves	Unclassified	Passeriformes	Fringillidae	Chlorodrepanis	2023-09-19 12:46:00
286	Serinus_canaria	Aves	Unclassified	Passeriformes	Fringillidae	Serinus	2023-09-19 12:46:00
287	Hirundo_rustica	Aves	Unclassified	Passeriformes	Hirundinidae	Hirundo	2023-09-19 12:46:00
288	Tachycineta_bicolor	Aves	Unclassified	Passeriformes	Hirundinidae	Tachycineta	2023-09-19 12:46:00
289	Molothrus_ater	Aves	Unclassified	Passeriformes	Icteridae	Molothrus	2023-09-19 12:46:00
290	Ficedula_albicollis	Aves	Unclassified	Passeriformes	Muscicapidae	Ficedula	2023-09-19 12:46:00
291	Saxicola_maurus	Aves	Unclassified	Passeriformes	Muscicapidae	Saxicola	2023-09-19 12:46:00
292	Cicinnurus_regius	Aves	Unclassified	Passeriformes	Paradisaeidae	Cicinnurus	2023-09-19 12:46:00
293	Diphyllodes_magnificus	Aves	Unclassified	Passeriformes	Paradisaeidae	Diphyllodes	2023-09-19 12:46:00
294	Paradisaea_rubra	Aves	Unclassified	Passeriformes	Paradisaeidae	Paradisaea	2023-09-19 12:46:00
295	Paradisaea_raggiana	Aves	Unclassified	Passeriformes	Paradisaeidae	Paradisaea	2023-09-19 12:46:00
296	Parotia_lawesii	Aves	Unclassified	Passeriformes	Paradisaeidae	Parotia	2023-09-19 12:46:00
297	Parus_major	Aves	Unclassified	Passeriformes	Paridae	Parus	2023-09-19 12:46:00
298	Pseudopodoces_humilis	Aves	Unclassified	Passeriformes	Paridae	Pseudopodoces	2023-09-19 12:46:00
299	Setophaga_coronata	Aves	Unclassified	Passeriformes	Parulidae	Setophaga	2023-09-19 12:46:00
300	Junco_hyemalis	Aves	Unclassified	Passeriformes	Passerellidae	Junco	2023-09-19 12:46:00
301	Zonotrichia_albicollis	Aves	Unclassified	Passeriformes	Passerellidae	Zonotrichia	2023-09-19 12:46:00
302	Erythrura_gouldiae	Aves	Unclassified	Passeriformes	Passeridae	Chloebia	2023-09-19 12:46:00
303	Passer_domesticus	Aves	Unclassified	Passeriformes	Passeridae	Passer	2023-09-19 12:46:00
304	Eopsaltria_australis	Aves	Unclassified	Passeriformes	Petroicidae	Eopsaltria	2023-09-19 12:46:00
305	Phylloscopus_plumbeitarsus	Aves	Unclassified	Passeriformes	Phylloscopidae	Phylloscopus	2023-09-19 12:46:00
306	Phylloscopus_trochiloides_viridanus	Aves	Unclassified	Passeriformes	Phylloscopidae	Phylloscopus	2023-09-19 12:46:00
307	Corapipo_altera	Aves	Unclassified	Passeriformes	Pipridae	Corapipo	2023-09-19 12:46:00
308	Lepidothrix_coronata	Aves	Unclassified	Passeriformes	Pipridae	Lepidothrix	2023-09-19 12:46:00
309	Manacus_vitellinus	Aves	Unclassified	Passeriformes	Pipridae	Manacus	2023-09-19 12:46:00
310	Pipra_filicauda	Aves	Unclassified	Passeriformes	Pipridae	Pipra	2023-09-19 12:46:00
311	Acridotheres_javanicus	Aves	Unclassified	Passeriformes	Sturnidae	Acridotheres	2023-09-19 12:46:00
312	Sturnus_vulgaris	Aves	Unclassified	Passeriformes	Sturnidae	Sturnus	2023-09-19 12:46:00
313	Geospiza_fortis	Aves	Unclassified	Passeriformes	Thraupidae	Geospiza	2023-09-19 12:46:00
314	Sporophila_hypoxantha	Aves	Unclassified	Passeriformes	Thraupidae	Sporophila	2023-09-19 12:46:00
315	Empidonax_traillii	Aves	Unclassified	Passeriformes	Tyrannidae	Empidonax	2023-09-19 12:46:00
316	Zosterops_lateralis	Aves	Unclassified	Passeriformes	Zosteropidae	Zosterops	2023-09-19 12:46:00
317	Egretta_garzetta	Aves	Unclassified	Pelecaniformes	Ardeidae	Egretta	2023-09-19 12:46:00
318	Pelecanus_crispus	Aves	Unclassified	Pelecaniformes	Pelecanidae	Pelecanus	2023-09-19 12:46:00
319	Phaethon_lepturus	Aves	Unclassified	Pelecaniformes	Phaethontidae	Phaethon	2023-09-19 12:46:00
320	Phalacrocorax_carbo	Aves	Unclassified	Pelecaniformes	Phalacrocoracidae	Phalacrocorax	2023-09-19 12:46:00
321	Urile_pelagicus	Aves	Unclassified	Pelecaniformes	Phalacrocoracidae	Phalacrocorax	2023-09-19 12:46:00
322	Phalacrocorax_harrisi	Aves	Unclassified	Pelecaniformes	Phalacrocoracidae	Phalacrocorax	2023-09-19 12:46:00
323	Nannopterum_harrisi	Aves	Unclassified	Pelecaniformes	Phalacrocoracidae	Phalacrocorax	2023-09-19 12:46:00
324	Nipponia_nippon	Aves	Unclassified	Pelecaniformes	Threskiornithidae	Nipponia	2023-09-19 12:46:00
325	Phoenicopterus_ruber	Aves	Unclassified	Phoenicopteriformes	Phoenicopteridae	Phoenicopterus	2023-09-19 12:46:00
326	Picoides_pubescens	Aves	Unclassified	Piciformes	Picidae	Dryobates	2023-09-19 12:46:00
327	Podiceps_cristatus	Aves	Unclassified	Podicipediformes	Podicipedidae	Podiceps	2023-09-19 12:46:00
328	Fulmarus_glacialis	Aves	Unclassified	Procellariiformes	Procellariidae	Fulmarus	2023-09-19 12:46:00
329	Agapornis_roseicollis	Aves	Unclassified	Psittaciformes	Psittacidae	Agapornis	2023-09-19 12:46:00
330	Amazona_aestiva	Aves	Unclassified	Psittaciformes	Psittacidae	Amazona	2023-09-19 12:46:00
331	Amazona_vittata	Aves	Unclassified	Psittaciformes	Psittacidae	Amazona	2023-09-19 12:46:00
332	Ara_macao	Aves	Unclassified	Psittaciformes	Psittacidae	Ara	2023-09-19 12:46:00
333	Eupsittula_pertinax	Aves	Unclassified	Psittaciformes	Psittacidae	Eupsittula	2023-09-19 12:46:00
334	Guaruba_guarouba	Aves	Unclassified	Psittaciformes	Psittacidae	Guaruba	2023-09-19 12:46:00
335	Nestor_notabilis	Aves	Unclassified	Psittaciformes	Psittacidae	Nestor	2023-09-19 12:46:00
336	Pionus_senilis	Aves	Unclassified	Psittaciformes	Psittacidae	Pionus	2023-09-19 12:46:00
337	Psittacula_krameri	Aves	Unclassified	Psittaciformes	Psittacidae	Psittacula	2023-09-19 12:46:00
338	Strigops_habroptilus	Aves	Unclassified	Psittaciformes	Psittacidae	Strigops	2023-09-19 12:46:00
339	Melopsittacus_undulatus	Aves	Unclassified	Psittaciformes	Psittaculidae	Melopsittacus	2023-09-19 12:46:00
340	Aptenodytes_forsteri	Aves	Unclassified	Sphenisciformes	Spheniscidae	Aptenodytes	2023-09-19 12:46:00
341	Pygoscelis_adeliae	Aves	Unclassified	Sphenisciformes	Spheniscidae	Pygoscelis	2023-09-19 12:46:00
342	Pygoscelis_papua	Aves	Unclassified	Sphenisciformes	Spheniscidae	Pygoscelis	2023-09-19 12:46:00
343	Pygoscelis_antarcticus	Aves	Unclassified	Sphenisciformes	Spheniscidae	Pygoscelis	2023-09-19 12:46:00
344	Spheniscus_mendiculus	Aves	Unclassified	Sphenisciformes	Spheniscidae	Spheniscus	2023-09-19 12:46:00
345	Spheniscus_magellanicus	Aves	Unclassified	Sphenisciformes	Spheniscidae	Spheniscus	2023-09-19 12:46:00
346	Spheniscus_humboldti	Aves	Unclassified	Sphenisciformes	Spheniscidae	Spheniscus	2023-09-19 12:46:00
347	Athene_cunicularia	Aves	Unclassified	Strigiformes	Strigidae	Athene	2023-09-19 12:46:00
348	Bubo_blakistoni	Aves	Unclassified	Strigiformes	Strigidae	Bubo	2023-09-19 12:46:00
349	Strix_occidentalis_caurina	Aves	Unclassified	Strigiformes	Strigidae	Strix	2023-09-19 12:46:00
350	Tyto_alba	Aves	Unclassified	Strigiformes	Tytonidae	Tyto	2023-09-19 12:46:00
351	Apaloderma_vittatum	Aves	Unclassified	Trogoniformes	Trogonidae	Apaloderma	2023-09-19 12:46:00
352	Leucoraja_erinacea	Chondrichthyes	Batoidea	Rajiformes	Rajidae	Leucoraja	2023-09-19 12:46:00
353	Scyliorhinus_torazame	Chondrichthyes	Galeoidea	Carcharhiniformes	Scyliorhinidae	Scyliorhinus	2023-09-19 12:46:00
354	Chiloscyllium_punctatum	Chondrichthyes	Galeoidea	Orectolobiformes	Hemiscylliidae	Chiloscyllium	2023-09-19 12:46:00
355	Chiloscyllium_plagiosum	Chondrichthyes	Galeoidea	Orectolobiformes	Hemiscylliidae	Chiloscyllium	2023-09-19 12:46:00
356	Rhincodon_typus	Chondrichthyes	Galeoidea	Orectolobiformes	Rhincodontidae	Rhincodon	2023-09-19 12:46:00
357	Callorhinchus_milii	Chondrichthyes	Unclassified	Chimaeriformes	Callorhinchidae	Callorhinchus	2023-09-19 12:46:00
358	Latimeria_chalumnae	Coelacanthiformes	Coelacanthiformes	Coelacanthiformes	Coelacanthidae	Latimeria	2023-09-19 12:46:00
359	Heterohyrax_brucei	Mammalia	Afrotheria	Hyracoidea	Procaviidae	Heterohyrax	2023-09-19 12:46:00
360	Procavia_capensis	Mammalia	Afrotheria	Hyracoidea	Procaviidae	Procavia	2023-09-19 12:46:00
361	Elephantulus_edwardii	Mammalia	Afrotheria	Macroscelidea	Macroscelididae	Elephantulus	2023-09-19 12:46:00
362	Elephas_maximus	Mammalia	Afrotheria	Proboscidea	Elephantidae	Elephas	2023-09-19 12:46:00
363	Loxodonta_africana	Mammalia	Afrotheria	Proboscidea	Elephantidae	Loxodonta	2023-09-19 12:46:00
364	Dugong_dugon	Mammalia	Afrotheria	Sirenia	Dugongidae	Dugong	2023-09-19 12:46:00
365	Hydrodamalis_gigas	Mammalia	Afrotheria	Sirenia	Dugongidae	Hydrodamalis	2023-09-19 12:46:00
366	Trichechus_manatus	Mammalia	Afrotheria	Sirenia	Trichechidae	Trichechus	2023-09-19 12:46:00
367	Orycteropus_afer	Mammalia	Afrotheria	Tubulidentata	Orycteropodidae	Orycteropus	2023-09-19 12:46:00
368	Chrysochloris_asiatica	Mammalia	Afrotheria	Unclassified	Chrysochloridae	Chrysochloris	2023-09-19 12:46:00
369	Echinops_telfairi	Mammalia	Afrotheria	Unclassified	Tenrecidae	Echinops	2023-09-19 12:46:00
370	Microgale_talazaci	Mammalia	Afrotheria	Unclassified	Tenrecidae	Nesogale	2023-09-19 12:46:00
371	Galeopterus_variegatus	Mammalia	Euarchontoglires	Dermoptera	Cynocephalidae	Galeopterus	2023-09-19 12:46:00
372	Lepus_timidus	Mammalia	Euarchontoglires	Lagomorpha	Leporidae	Lepus	2023-09-19 12:46:00
373	Lepus_americanus	Mammalia	Euarchontoglires	Lagomorpha	Leporidae	Lepus	2023-09-19 12:46:00
374	Oryctolagus_cuniculus	Mammalia	Euarchontoglires	Lagomorpha	Leporidae	Oryctolagus	2023-09-19 12:46:00
375	Sylvilagus_bachmani	Mammalia	Euarchontoglires	Lagomorpha	Leporidae	Sylvilagus	2023-09-19 12:46:00
376	Ochotona_princeps	Mammalia	Euarchontoglires	Lagomorpha	Ochotonidae	Ochotona	2023-09-19 12:46:00
377	Aotus_nancymaae	Mammalia	Euarchontoglires	Primates	Aotidae	Aotus	2023-09-19 12:46:00
378	Alouatta_palliata	Mammalia	Euarchontoglires	Primates	Atelidae	Alouatta	2023-09-19 12:46:00
379	Ateles_hybridus	Mammalia	Euarchontoglires	Primates	Atelidae	Ateles	2023-09-19 12:46:00
380	Ateles_geoffroyi	Mammalia	Euarchontoglires	Primates	Atelidae	Ateles	2023-09-19 12:46:00
381	Callithrix_jacchus	Mammalia	Euarchontoglires	Primates	Cebidae	Callithrix	2023-09-19 12:46:00
382	Cebus_capucinus	Mammalia	Euarchontoglires	Primates	Cebidae	Cebus	2023-09-19 12:46:00
383	Cebus_albifrons	Mammalia	Euarchontoglires	Primates	Cebidae	Cebus	2023-09-19 12:46:00
384	Cebus_capucinus_imitator	Mammalia	Euarchontoglires	Primates	Cebidae	Cebus	2023-09-19 12:46:00
385	Saguinus_imperator	Mammalia	Euarchontoglires	Primates	Cebidae	Saguinus	2023-09-19 12:46:00
386	Saimiri_boliviensis	Mammalia	Euarchontoglires	Primates	Cebidae	Saimiri	2023-09-19 12:46:00
387	Sapajus_apella	Mammalia	Euarchontoglires	Primates	Cebidae	Sapajus	2023-09-19 12:46:00
388	Cercocebus_atys	Mammalia	Euarchontoglires	Primates	Cercopithecidae	Cercocebus	2023-09-19 12:46:00
389	Cercopithecus_neglectus	Mammalia	Euarchontoglires	Primates	Cercopithecidae	Cercopithecus	2023-09-19 12:46:00
390	Cercopithecus_albogularis	Mammalia	Euarchontoglires	Primates	Cercopithecidae	Cercopithecus	2023-09-19 12:46:00
391	Cercopithecus_mona	Mammalia	Euarchontoglires	Primates	Cercopithecidae	Cercopithecus	2023-09-19 12:46:00
392	Chlorocebus_sabaeus	Mammalia	Euarchontoglires	Primates	Cercopithecidae	Chlorocebus	2023-09-19 12:46:00
393	Chlorocebus_aethiops	Mammalia	Euarchontoglires	Primates	Cercopithecidae	Chlorocebus	2023-09-19 12:46:00
394	Colobus_angolensis_palliatus	Mammalia	Euarchontoglires	Primates	Cercopithecidae	Colobus	2023-09-19 12:46:00
395	Colobus_guereza	Mammalia	Euarchontoglires	Primates	Cercopithecidae	Colobus	2023-09-19 12:46:00
396	Erythrocebus_patas	Mammalia	Euarchontoglires	Primates	Cercopithecidae	Erythrocebus	2023-09-19 12:46:00
397	Macaca_fascicularis	Mammalia	Euarchontoglires	Primates	Cercopithecidae	Macaca	2023-09-19 12:46:00
398	Macaca_mulatta	Mammalia	Euarchontoglires	Primates	Cercopithecidae	Macaca	2023-09-19 12:46:00
399	Macaca_nemestrina	Mammalia	Euarchontoglires	Primates	Cercopithecidae	Macaca	2023-09-19 12:46:00
400	Macaca_fuscata	Mammalia	Euarchontoglires	Primates	Cercopithecidae	Macaca	2023-09-19 12:46:00
401	Mandrillus_leucophaeus	Mammalia	Euarchontoglires	Primates	Cercopithecidae	Mandrillus	2023-09-19 12:46:00
402	Mandrillus_sphinx	Mammalia	Euarchontoglires	Primates	Cercopithecidae	Mandrillus	2023-09-19 12:46:00
403	Nasalis_larvatus	Mammalia	Euarchontoglires	Primates	Cercopithecidae	Nasalis	2023-09-19 12:46:00
404	Papio_anubis	Mammalia	Euarchontoglires	Primates	Cercopithecidae	Papio	2023-09-19 12:46:00
405	Pygathrix_nemaeus	Mammalia	Euarchontoglires	Primates	Cercopithecidae	Pygathrix	2023-09-19 12:46:00
406	Rhinopithecus_roxellana	Mammalia	Euarchontoglires	Primates	Cercopithecidae	Rhinopithecus	2023-09-19 12:46:00
407	Rhinopithecus_bieti	Mammalia	Euarchontoglires	Primates	Cercopithecidae	Rhinopithecus	2023-09-19 12:46:00
408	Semnopithecus_entellus	Mammalia	Euarchontoglires	Primates	Cercopithecidae	Semnopithecus	2023-09-19 12:46:00
409	Theropithecus_gelada	Mammalia	Euarchontoglires	Primates	Cercopithecidae	Theropithecus	2023-09-19 12:46:00
410	Trachypithecus_francoisi	Mammalia	Euarchontoglires	Primates	Cercopithecidae	Trachypithecus	2023-09-19 12:46:00
411	Cheirogaleus_medius	Mammalia	Euarchontoglires	Primates	Cheirogaleidae	Cheirogaleus	2023-09-19 12:46:00
412	Microcebus_murinus	Mammalia	Euarchontoglires	Primates	Cheirogaleidae	Microcebus	2023-09-19 12:46:00
413	Microcebus_griseorufus	Mammalia	Euarchontoglires	Primates	Cheirogaleidae	Microcebus	2023-09-19 12:46:00
414	Microcebus_mittermeieri	Mammalia	Euarchontoglires	Primates	Cheirogaleidae	Microcebus	2023-09-19 12:46:00
415	Microcebus_ravelobensis	Mammalia	Euarchontoglires	Primates	Cheirogaleidae	Microcebus	2023-09-19 12:46:00
416	Microcebus_tavaratra	Mammalia	Euarchontoglires	Primates	Cheirogaleidae	Microcebus	2023-09-19 12:46:00
417	Mirza_coquereli	Mammalia	Euarchontoglires	Primates	Cheirogaleidae	Mirza	2023-09-19 12:46:00
418	Mirza_zaza	Mammalia	Euarchontoglires	Primates	Cheirogaleidae	Mirza	2023-09-19 12:46:00
419	Daubentonia_madagascariensis	Mammalia	Euarchontoglires	Primates	Daubentoniidae	Daubentonia	2023-09-19 12:46:00
420	Galago_moholi	Mammalia	Euarchontoglires	Primates	Galagidae	Galago	2023-09-19 12:46:00
421	Otolemur_garnettii	Mammalia	Euarchontoglires	Primates	Galagidae	Otolemur	2023-09-19 12:46:00
422	Gorilla_gorilla	Mammalia	Euarchontoglires	Primates	Hominidae	Gorilla	2023-09-19 12:46:00
423	Homo_sapiens	Mammalia	Euarchontoglires	Primates	Hominidae	Homo	2023-09-19 12:46:00
424	Pan_troglodytes	Mammalia	Euarchontoglires	Primates	Hominidae	Pan	2023-09-19 12:46:00
425	Pongo_abelii	Mammalia	Euarchontoglires	Primates	Hominidae	Pongo	2023-09-19 12:46:00
426	Hoolock_leuconedys	Mammalia	Euarchontoglires	Primates	Hylobatidae	Hoolock	2023-09-19 12:46:00
427	Hylobates_pileatus	Mammalia	Euarchontoglires	Primates	Hylobatidae	Hylobates	2023-09-19 12:46:00
428	Hylobates_moloch	Mammalia	Euarchontoglires	Primates	Hylobatidae	Hylobates	2023-09-19 12:46:00
429	Nomascus_leucogenys	Mammalia	Euarchontoglires	Primates	Hylobatidae	Nomascus	2023-09-19 12:46:00
430	Symphalangus_syndactylus	Mammalia	Euarchontoglires	Primates	Hylobatidae	Symphalangus	2023-09-19 12:46:00
431	Indri_indri	Mammalia	Euarchontoglires	Primates	Indriidae	Indri	2023-09-19 12:46:00
432	Propithecus_coquereli	Mammalia	Euarchontoglires	Primates	Indriidae	Propithecus	2023-09-19 12:46:00
433	Eulemur_macaco	Mammalia	Euarchontoglires	Primates	Lemuridae	Eulemur	2023-09-19 12:46:00
434	Eulemur_flavifrons	Mammalia	Euarchontoglires	Primates	Lemuridae	Eulemur	2023-09-19 12:46:00
435	Eulemur_fulvus	Mammalia	Euarchontoglires	Primates	Lemuridae	Eulemur	2023-09-19 12:46:00
436	Lemur_catta	Mammalia	Euarchontoglires	Primates	Lemuridae	Lemur	2023-09-19 12:46:00
437	Prolemur_simus	Mammalia	Euarchontoglires	Primates	Lemuridae	Prolemur	2023-09-19 12:46:00
438	Nycticebus_coucang	Mammalia	Euarchontoglires	Primates	Lorisidae	Nycticebus	2023-09-19 12:46:00
439	Pithecia_pithecia	Mammalia	Euarchontoglires	Primates	Pitheciidae	Pithecia	2023-09-19 12:46:00
440	Plecturocebus_donacophilus	Mammalia	Euarchontoglires	Primates	Pitheciidae	Plecturocebus	2023-09-19 12:46:00
441	Tarsius_syrichta	Mammalia	Euarchontoglires	Primates	Tarsiidae	Carlito	2023-09-19 12:46:00
442	Aplodontia_rufa	Mammalia	Euarchontoglires	Rodentia	Aplodontiidae	Aplodontia	2023-09-19 12:46:00
443	Fukomys_damarensis	Mammalia	Euarchontoglires	Rodentia	Bathyergidae	Fukomys	2023-09-19 12:46:00
444	Heterocephalus_glaber	Mammalia	Euarchontoglires	Rodentia	Bathyergidae	Heterocephalus	2023-09-19 12:46:00
445	Capromys_pilorides	Mammalia	Euarchontoglires	Rodentia	Capromyidae	Capromys	2023-09-19 12:46:00
446	Castor_canadensis	Mammalia	Euarchontoglires	Rodentia	Castoridae	Castor	2023-09-19 12:46:00
447	Cavia_porcellus	Mammalia	Euarchontoglires	Rodentia	Caviidae	Cavia	2023-09-19 12:46:00
448	Cavia_aperea	Mammalia	Euarchontoglires	Rodentia	Caviidae	Cavia	2023-09-19 12:46:00
449	Cavia_tschudii	Mammalia	Euarchontoglires	Rodentia	Caviidae	Cavia	2023-09-19 12:46:00
450	Dolichotis_patagonum	Mammalia	Euarchontoglires	Rodentia	Caviidae	Dolichotis	2023-09-19 12:46:00
451	Chinchilla_lanigera	Mammalia	Euarchontoglires	Rodentia	Chinchillidae	Chinchilla	2023-09-19 12:46:00
452	Arvicola_amphibius	Mammalia	Euarchontoglires	Rodentia	Cricetidae	Arvicola	2023-09-19 12:46:00
453	Cricetulus_griseus	Mammalia	Euarchontoglires	Rodentia	Cricetidae	Cricetulus	2023-09-19 12:46:00
454	Ellobius_lutescens	Mammalia	Euarchontoglires	Rodentia	Cricetidae	Ellobius	2023-09-19 12:46:00
455	Ellobius_talpinus	Mammalia	Euarchontoglires	Rodentia	Cricetidae	Ellobius	2023-09-19 12:46:00
456	Mesocricetus_auratus	Mammalia	Euarchontoglires	Rodentia	Cricetidae	Mesocricetus	2023-09-19 12:46:00
457	Microtus_ochrogaster	Mammalia	Euarchontoglires	Rodentia	Cricetidae	Microtus	2023-09-19 12:46:00
458	Microtus_agrestis	Mammalia	Euarchontoglires	Rodentia	Cricetidae	Microtus	2023-09-19 12:46:00
459	Microtus_fortis	Mammalia	Euarchontoglires	Rodentia	Cricetidae	Microtus	2023-09-19 12:46:00
460	Myodes_glareolus	Mammalia	Euarchontoglires	Rodentia	Cricetidae	Myodes	2023-09-19 12:46:00
461	Neotoma_lepida	Mammalia	Euarchontoglires	Rodentia	Cricetidae	Neotoma	2023-09-19 12:46:00
462	Ondatra_zibethicus	Mammalia	Euarchontoglires	Rodentia	Cricetidae	Ondatra	2023-09-19 12:46:00
463	Onychomys_torridus	Mammalia	Euarchontoglires	Rodentia	Cricetidae	Onychomys	2023-09-19 12:46:00
464	Peromyscus_maniculatus_bairdii	Mammalia	Euarchontoglires	Rodentia	Cricetidae	Peromyscus	2023-09-19 12:46:00
465	Peromyscus_polionotus_subgriseus	Mammalia	Euarchontoglires	Rodentia	Cricetidae	Peromyscus	2023-09-19 12:46:00
466	Peromyscus_leucopus	Mammalia	Euarchontoglires	Rodentia	Cricetidae	Peromyscus	2023-09-19 12:46:00
467	Phodopus_sungorus	Mammalia	Euarchontoglires	Rodentia	Cricetidae	Phodopus	2023-09-19 12:46:00
468	Sigmodon_hispidus	Mammalia	Euarchontoglires	Rodentia	Cricetidae	Sigmodon	2023-09-19 12:46:00
469	Ctenomys_sociabilis	Mammalia	Euarchontoglires	Rodentia	Ctenomyidae	Ctenomys	2023-09-19 12:46:00
470	Cuniculus_paca	Mammalia	Euarchontoglires	Rodentia	Cuniculidae	Cuniculus	2023-09-19 12:46:00
471	Dasyprocta_punctata	Mammalia	Euarchontoglires	Rodentia	Dasyproctidae	Dasyprocta	2023-09-19 12:46:00
472	Dinomys_branickii	Mammalia	Euarchontoglires	Rodentia	Dinomyidae	Dinomys	2023-09-19 12:46:00
473	Jaculus_jaculus	Mammalia	Euarchontoglires	Rodentia	Dipodidae	Jaculus	2023-09-19 12:46:00
474	Zapus_hudsonius	Mammalia	Euarchontoglires	Rodentia	Dipodidae	Zapus	2023-09-19 12:46:00
475	Erethizon_dorsatum	Mammalia	Euarchontoglires	Rodentia	Erethizontidae	Erethizon	2023-09-19 12:46:00
476	Glis_glis	Mammalia	Euarchontoglires	Rodentia	Gliridae	Glis	2023-09-19 12:46:00
477	Graphiurus_murinus	Mammalia	Euarchontoglires	Rodentia	Gliridae	Graphiurus	2023-09-19 12:46:00
478	Muscardinus_avellanarius	Mammalia	Euarchontoglires	Rodentia	Gliridae	Muscardinus	2023-09-19 12:46:00
479	Dipodomys_ordii	Mammalia	Euarchontoglires	Rodentia	Heteromyidae	Dipodomys	2023-09-19 12:46:00
480	Dipodomys_stephensi	Mammalia	Euarchontoglires	Rodentia	Heteromyidae	Dipodomys	2023-09-19 12:46:00
481	Dipodomys_spectabilis	Mammalia	Euarchontoglires	Rodentia	Heteromyidae	Dipodomys	2023-09-19 12:46:00
482	Hydrochoerus_hydrochaeris	Mammalia	Euarchontoglires	Rodentia	Hydrochaeridae	Hydrochoerus	2023-09-19 12:46:00
483	Hystrix_cristata	Mammalia	Euarchontoglires	Rodentia	Hystricidae	Hystrix	2023-09-19 12:46:00
484	Hystrix_brachyura	Mammalia	Euarchontoglires	Rodentia	Hystricidae	Hystrix	2023-09-19 12:46:00
485	Acomys_cahirinus	Mammalia	Euarchontoglires	Rodentia	Muridae	Acomys	2023-09-19 12:46:00
486	Acomys_russatus	Mammalia	Euarchontoglires	Rodentia	Muridae	Acomys	2023-09-19 12:46:00
487	Acomys_percivali	Mammalia	Euarchontoglires	Rodentia	Muridae	Acomys	2023-09-19 12:46:00
488	Acomys_dimidiatus	Mammalia	Euarchontoglires	Rodentia	Muridae	Acomys	2023-09-19 12:46:00
489	Acomys_kempi	Mammalia	Euarchontoglires	Rodentia	Muridae	Acomys	2023-09-19 12:46:00
490	Apodemus_sylvaticus	Mammalia	Euarchontoglires	Rodentia	Muridae	Apodemus	2023-09-19 12:46:00
491	Apodemus_speciosus	Mammalia	Euarchontoglires	Rodentia	Muridae	Apodemus	2023-09-19 12:46:00
492	Arvicanthis_niloticus	Mammalia	Euarchontoglires	Rodentia	Muridae	Arvicanthis	2023-09-19 12:46:00
493	Grammomys_surdaster	Mammalia	Euarchontoglires	Rodentia	Muridae	Grammomys	2023-09-19 12:46:00
494	Grammomys_dolichurus	Mammalia	Euarchontoglires	Rodentia	Muridae	Grammomys	2023-09-19 12:46:00
495	Hylomyscus_alleni	Mammalia	Euarchontoglires	Rodentia	Muridae	Hylomyscus	2023-09-19 12:46:00
496	Mastomys_coucha	Mammalia	Euarchontoglires	Rodentia	Muridae	Mastomys	2023-09-19 12:46:00
497	Meriones_unguiculatus	Mammalia	Euarchontoglires	Rodentia	Muridae	Meriones	2023-09-19 12:46:00
498	Mus_musculus	Mammalia	Euarchontoglires	Rodentia	Muridae	Mus	2023-09-19 12:46:00
499	Mus_caroli	Mammalia	Euarchontoglires	Rodentia	Muridae	Mus	2023-09-19 12:46:00
500	Mus_castaneus	Mammalia	Euarchontoglires	Rodentia	Muridae	Mus	2023-09-19 12:46:00
501	Mus_pahari	Mammalia	Euarchontoglires	Rodentia	Muridae	Mus	2023-09-19 12:46:00
502	Mus_spretus	Mammalia	Euarchontoglires	Rodentia	Muridae	Mus	2023-09-19 12:46:00
503	Mus_spicilegus	Mammalia	Euarchontoglires	Rodentia	Muridae	Mus	2023-09-19 12:46:00
504	Praomys_delectorum	Mammalia	Euarchontoglires	Rodentia	Muridae	Praomys	2023-09-19 12:46:00
505	Psammomys_obesus	Mammalia	Euarchontoglires	Rodentia	Muridae	Psammomys	2023-09-19 12:46:00
506	Rattus_norvegicus	Mammalia	Euarchontoglires	Rodentia	Muridae	Rattus	2023-09-19 12:46:00
507	Rhombomys_opimus	Mammalia	Euarchontoglires	Rodentia	Muridae	Rhombomys	2023-09-19 12:46:00
508	Myocastor_coypus	Mammalia	Euarchontoglires	Rodentia	Myocastoridae	Myocastor	2023-09-19 12:46:00
509	Cricetomys_gambianus	Mammalia	Euarchontoglires	Rodentia	Nesomyidae	Cricetomys	2023-09-19 12:46:00
510	Octodon_degus	Mammalia	Euarchontoglires	Rodentia	Octodontidae	Octodon	2023-09-19 12:46:00
511	Octomys_mimax	Mammalia	Euarchontoglires	Rodentia	Octodontidae	Octomys	2023-09-19 12:46:00
512	Pedetes_capensis	Mammalia	Euarchontoglires	Rodentia	Pedetidae	Pedetes	2023-09-19 12:46:00
513	Petromus_typicus	Mammalia	Euarchontoglires	Rodentia	Petromuridae	Petromus	2023-09-19 12:46:00
514	Typhlomys_cinereus	Mammalia	Euarchontoglires	Rodentia	Platacanthomyidae	Typhlomys	2023-09-19 12:46:00
515	Cynomys_gunnisoni	Mammalia	Euarchontoglires	Rodentia	Sciuridae	Cynomys	2023-09-19 12:46:00
516	Glaucomys_volans	Mammalia	Euarchontoglires	Rodentia	Sciuridae	Glaucomys	2023-09-19 12:46:00
517	Ictidomys_tridecemlineatus	Mammalia	Euarchontoglires	Rodentia	Sciuridae	Ictidomys	2023-09-19 12:46:00
518	Marmota_marmota_marmota	Mammalia	Euarchontoglires	Rodentia	Sciuridae	Marmota	2023-09-19 12:46:00
519	Marmota_flaviventris	Mammalia	Euarchontoglires	Rodentia	Sciuridae	Marmota	2023-09-19 12:46:00
520	Marmota_monax	Mammalia	Euarchontoglires	Rodentia	Sciuridae	Marmota	2023-09-19 12:46:00
521	Marmota_vancouverensis	Mammalia	Euarchontoglires	Rodentia	Sciuridae	Marmota	2023-09-19 12:46:00
522	Sciurus_carolinensis	Mammalia	Euarchontoglires	Rodentia	Sciuridae	Sciurus	2023-09-19 12:46:00
523	Sciurus_vulgaris	Mammalia	Euarchontoglires	Rodentia	Sciuridae	Sciurus	2023-09-19 12:46:00
524	Spermophilus_dauricus	Mammalia	Euarchontoglires	Rodentia	Sciuridae	Spermophilus	2023-09-19 12:46:00
525	Urocitellus_parryii	Mammalia	Euarchontoglires	Rodentia	Sciuridae	Urocitellus	2023-09-19 12:46:00
526	Xerus_inauris	Mammalia	Euarchontoglires	Rodentia	Sciuridae	Xerus	2023-09-19 12:46:00
527	Nannospalax_galili	Mammalia	Euarchontoglires	Rodentia	Spalacidae	Nannospalax	2023-09-19 12:46:00
528	Rhizomys_pruinosus	Mammalia	Euarchontoglires	Rodentia	Spalacidae	Rhizomys	2023-09-19 12:46:00
529	Thryonomys_swinderianus	Mammalia	Euarchontoglires	Rodentia	Thryonomyidae	Thryonomys	2023-09-19 12:46:00
530	Tupaia_belangeri	Mammalia	Euarchontoglires	Scandentia	Tupaiidae	Tupaia	2023-09-19 12:46:00
531	Tupaia_chinensis	Mammalia	Euarchontoglires	Scandentia	Tupaiidae	Tupaia	2023-09-19 12:46:00
532	Tupaia_tana	Mammalia	Euarchontoglires	Scandentia	Tupaiidae	Tupaia	2023-09-19 12:46:00
533	Antilocapra_americana	Mammalia	Laurasiatheria	Artiodactyla	Antilocapridae	Antilocapra	2023-09-19 12:46:00
534	Eubalaena_japonica	Mammalia	Laurasiatheria	Artiodactyla	Balaenidae	Eubalaena	2023-09-19 12:46:00
535	Balaenoptera_acutorostrata	Mammalia	Laurasiatheria	Artiodactyla	Balaenopteridae	Balaenoptera	2023-09-19 12:46:00
536	Balaenoptera_bonaerensis	Mammalia	Laurasiatheria	Artiodactyla	Balaenopteridae	Balaenoptera	2023-09-19 12:46:00
537	Balaenoptera_physalus	Mammalia	Laurasiatheria	Artiodactyla	Balaenopteridae	Balaenoptera	2023-09-19 12:46:00
538	Balaenoptera_musculus	Mammalia	Laurasiatheria	Artiodactyla	Balaenopteridae	Balaenoptera	2023-09-19 12:46:00
539	Megaptera_novaeangliae	Mammalia	Laurasiatheria	Artiodactyla	Balaenopteridae	Megaptera	2023-09-19 12:46:00
540	Addax_nasomaculatus	Mammalia	Laurasiatheria	Artiodactyla	Bovidae	Addax	2023-09-19 12:46:00
541	Aepyceros_melampus	Mammalia	Laurasiatheria	Artiodactyla	Bovidae	Aepyceros	2023-09-19 12:46:00
542	Alcelaphus_buselaphus	Mammalia	Laurasiatheria	Artiodactyla	Bovidae	Alcelaphus	2023-09-19 12:46:00
543	Ammotragus_lervia	Mammalia	Laurasiatheria	Artiodactyla	Bovidae	Ammotragus	2023-09-19 12:46:00
544	Antidorcas_marsupialis	Mammalia	Laurasiatheria	Artiodactyla	Bovidae	Antidorcas	2023-09-19 12:46:00
545	Beatragus_hunteri	Mammalia	Laurasiatheria	Artiodactyla	Bovidae	Beatragus	2023-09-19 12:46:00
546	Bison_bison	Mammalia	Laurasiatheria	Artiodactyla	Bovidae	Bison	2023-09-19 12:46:00
547	Bos_grunniens	Mammalia	Laurasiatheria	Artiodactyla	Bovidae	Bos	2023-09-19 12:46:00
548	Bos_taurus	Mammalia	Laurasiatheria	Artiodactyla	Bovidae	Bos	2023-09-19 12:46:00
549	Bos_mutus	Mammalia	Laurasiatheria	Artiodactyla	Bovidae	Bos	2023-09-19 12:46:00
550	Bos_indicus	Mammalia	Laurasiatheria	Artiodactyla	Bovidae	Bos	2023-09-19 12:46:00
551	Bos_gaurus	Mammalia	Laurasiatheria	Artiodactyla	Bovidae	Bos	2023-09-19 12:46:00
552	Bos_frontalis	Mammalia	Laurasiatheria	Artiodactyla	Bovidae	Bos	2023-09-19 12:46:00
553	Bubalus_bubalis	Mammalia	Laurasiatheria	Artiodactyla	Bovidae	Bubalus	2023-09-19 12:46:00
554	Budorcas_taxicolor	Mammalia	Laurasiatheria	Artiodactyla	Bovidae	Budorcas	2023-09-19 12:46:00
555	Capra_hircus	Mammalia	Laurasiatheria	Artiodactyla	Bovidae	Capra	2023-09-19 12:46:00
556	Capra_aegagrus	Mammalia	Laurasiatheria	Artiodactyla	Bovidae	Capra	2023-09-19 12:46:00
557	Capra_sibirica	Mammalia	Laurasiatheria	Artiodactyla	Bovidae	Capra	2023-09-19 12:46:00
558	Capra_ibex	Mammalia	Laurasiatheria	Artiodactyla	Bovidae	Capra	2023-09-19 12:46:00
559	Cephalophus_harveyi	Mammalia	Laurasiatheria	Artiodactyla	Bovidae	Cephalophus	2023-09-19 12:46:00
560	Connochaetes_taurinus	Mammalia	Laurasiatheria	Artiodactyla	Bovidae	Connochaetes	2023-09-19 12:46:00
561	Damaliscus_lunatus	Mammalia	Laurasiatheria	Artiodactyla	Bovidae	Damaliscus	2023-09-19 12:46:00
562	Eudorcas_thomsonii	Mammalia	Laurasiatheria	Artiodactyla	Bovidae	Eudorcas	2023-09-19 12:46:00
563	Hemitragus_hylocrius	Mammalia	Laurasiatheria	Artiodactyla	Bovidae	Hemitragus	2023-09-19 12:46:00
564	Hippotragus_niger_niger	Mammalia	Laurasiatheria	Artiodactyla	Bovidae	Hippotragus	2023-09-19 12:46:00
565	Hippotragus_equinus	Mammalia	Laurasiatheria	Artiodactyla	Bovidae	Hippotragus	2023-09-19 12:46:00
566	Kobus_leche_leche	Mammalia	Laurasiatheria	Artiodactyla	Bovidae	Kobus	2023-09-19 12:46:00
567	Kobus_ellipsiprymnus	Mammalia	Laurasiatheria	Artiodactyla	Bovidae	Kobus	2023-09-19 12:46:00
568	Litocranius_walleri	Mammalia	Laurasiatheria	Artiodactyla	Bovidae	Litocranius	2023-09-19 12:46:00
569	Madoqua_kirkii	Mammalia	Laurasiatheria	Artiodactyla	Bovidae	Madoqua	2023-09-19 12:46:00
570	Nanger_granti	Mammalia	Laurasiatheria	Artiodactyla	Bovidae	Nanger	2023-09-19 12:46:00
571	Oryx_gazella	Mammalia	Laurasiatheria	Artiodactyla	Bovidae	Oryx	2023-09-19 12:46:00
572	Ourebia_ourebi	Mammalia	Laurasiatheria	Artiodactyla	Bovidae	Ourebia	2023-09-19 12:46:00
573	Ovis_aries	Mammalia	Laurasiatheria	Artiodactyla	Bovidae	Ovis	2023-09-19 12:46:00
574	Pantholops_hodgsonii	Mammalia	Laurasiatheria	Artiodactyla	Bovidae	Pantholops	2023-09-19 12:46:00
575	Philantomba_maxwellii	Mammalia	Laurasiatheria	Artiodactyla	Bovidae	Philantomba	2023-09-19 12:46:00
576	Procapra_przewalskii	Mammalia	Laurasiatheria	Artiodactyla	Bovidae	Procapra	2023-09-19 12:46:00
577	Pseudois_nayaur	Mammalia	Laurasiatheria	Artiodactyla	Bovidae	Pseudois	2023-09-19 12:46:00
578	Raphicerus_campestris	Mammalia	Laurasiatheria	Artiodactyla	Bovidae	Raphicerus	2023-09-19 12:46:00
579	Redunca_redunca	Mammalia	Laurasiatheria	Artiodactyla	Bovidae	Redunca	2023-09-19 12:46:00
580	Saiga_tatarica	Mammalia	Laurasiatheria	Artiodactyla	Bovidae	Saiga	2023-09-19 12:46:00
581	Sylvicapra_grimmia	Mammalia	Laurasiatheria	Artiodactyla	Bovidae	Sylvicapra	2023-09-19 12:46:00
582	Syncerus_caffer	Mammalia	Laurasiatheria	Artiodactyla	Bovidae	Syncerus	2023-09-19 12:46:00
583	Camelus_ferus	Mammalia	Laurasiatheria	Artiodactyla	Camelidae	Camelus	2023-09-19 12:46:00
584	Camelus_dromedarius	Mammalia	Laurasiatheria	Artiodactyla	Camelidae	Camelus	2023-09-19 12:46:00
585	Camelus_bactrianus	Mammalia	Laurasiatheria	Artiodactyla	Camelidae	Camelus	2023-09-19 12:46:00
586	Lama_guanicoe_cacsilensis	Mammalia	Laurasiatheria	Artiodactyla	Camelidae	Lama	2023-09-19 12:46:00
587	Lama_glama	Mammalia	Laurasiatheria	Artiodactyla	Camelidae	Lama	2023-09-19 12:46:00
588	Vicugna_pacos	Mammalia	Laurasiatheria	Artiodactyla	Camelidae	Vicugna	2023-09-19 12:46:00
589	Alces_alces	Mammalia	Laurasiatheria	Artiodactyla	Cervidae	Alces	2023-09-19 12:46:00
590	Axis_porcinus	Mammalia	Laurasiatheria	Artiodactyla	Cervidae	Axis	2023-09-19 12:46:00
591	Capreolus_capreolus	Mammalia	Laurasiatheria	Artiodactyla	Cervidae	Capreolus	2023-09-19 12:46:00
592	Cervus_elaphus_hippelaphus	Mammalia	Laurasiatheria	Artiodactyla	Cervidae	Cervus	2023-09-19 12:46:00
593	Cervus_albirostris	Mammalia	Laurasiatheria	Artiodactyla	Cervidae	Cervus	2023-09-19 12:46:00
594	Przewalskium_albirostris	Mammalia	Laurasiatheria	Artiodactyla	Cervidae	Cervus	2023-09-19 12:46:00
595	Cervus_hanglu_yarkandensis	Mammalia	Laurasiatheria	Artiodactyla	Cervidae	Cervus	2023-09-19 12:46:00
596	Cervus_canadensis	Mammalia	Laurasiatheria	Artiodactyla	Cervidae	Cervus	2023-09-19 12:46:00
597	Elaphurus_davidianus	Mammalia	Laurasiatheria	Artiodactyla	Cervidae	Elaphurus	2023-09-19 12:46:00
598	Hydropotes_inermis	Mammalia	Laurasiatheria	Artiodactyla	Cervidae	Hydropotes	2023-09-19 12:46:00
599	Muntiacus_reevesi	Mammalia	Laurasiatheria	Artiodactyla	Cervidae	Muntiacus	2023-09-19 12:46:00
600	Muntiacus_muntjak	Mammalia	Laurasiatheria	Artiodactyla	Cervidae	Muntiacus	2023-09-19 12:46:00
601	Muntiacus_crinifrons	Mammalia	Laurasiatheria	Artiodactyla	Cervidae	Muntiacus	2023-09-19 12:46:00
602	Odocoileus_virginianus	Mammalia	Laurasiatheria	Artiodactyla	Cervidae	Odocoileus	2023-09-19 12:46:00
603	Odocoileus_hemionus	Mammalia	Laurasiatheria	Artiodactyla	Cervidae	Odocoileus	2023-09-19 12:46:00
604	Rangifer_tarandus	Mammalia	Laurasiatheria	Artiodactyla	Cervidae	Rangifer	2023-09-19 12:46:00
605	Globicephala_melas	Mammalia	Laurasiatheria	Artiodactyla	Delphinidae	Globicephala	2023-09-19 12:46:00
606	Lagenorhynchus_obliquidens	Mammalia	Laurasiatheria	Artiodactyla	Delphinidae	Lagenorhynchus	2023-09-19 12:46:00
607	Orcinus_orca	Mammalia	Laurasiatheria	Artiodactyla	Delphinidae	Orcinus	2023-09-19 12:46:00
608	Sousa_chinensis	Mammalia	Laurasiatheria	Artiodactyla	Delphinidae	Sousa	2023-09-19 12:46:00
609	Tursiops_truncatus	Mammalia	Laurasiatheria	Artiodactyla	Delphinidae	Tursiops	2023-09-19 12:46:00
610	Tursiops_aduncus	Mammalia	Laurasiatheria	Artiodactyla	Delphinidae	Tursiops	2023-09-19 12:46:00
611	Eschrichtius_robustus	Mammalia	Laurasiatheria	Artiodactyla	Eschrichtiidae	Eschrichtius	2023-09-19 12:46:00
612	Giraffa_camelopardalis_tippelskirchi	Mammalia	Laurasiatheria	Artiodactyla	Giraffidae	Giraffa	2023-09-19 12:46:00
613	Okapia_johnstoni	Mammalia	Laurasiatheria	Artiodactyla	Giraffidae	Okapia	2023-09-19 12:46:00
614	Hexaprotodon_liberiensis	Mammalia	Laurasiatheria	Artiodactyla	Hippopotamidae	Hexaprotodon	2023-09-19 12:46:00
615	Hippopotamus_amphibius	Mammalia	Laurasiatheria	Artiodactyla	Hippopotamidae	Hippopotamus	2023-09-19 12:46:00
616	Inia_geoffrensis	Mammalia	Laurasiatheria	Artiodactyla	Iniidae	Inia	2023-09-19 12:46:00
617	Lipotes_vexillifer	Mammalia	Laurasiatheria	Artiodactyla	Lipotidae	Lipotes	2023-09-19 12:46:00
618	Delphinapterus_leucas	Mammalia	Laurasiatheria	Artiodactyla	Monodontidae	Delphinapterus	2023-09-19 12:46:00
619	Monodon_monoceros	Mammalia	Laurasiatheria	Artiodactyla	Monodontidae	Monodon	2023-09-19 12:46:00
620	Moschus_moschiferus	Mammalia	Laurasiatheria	Artiodactyla	Moschidae	Moschus	2023-09-19 12:46:00
621	Moschus_chrysogaster	Mammalia	Laurasiatheria	Artiodactyla	Moschidae	Moschus	2023-09-19 12:46:00
622	Moschus_berezovskii	Mammalia	Laurasiatheria	Artiodactyla	Moschidae	Moschus	2023-09-19 12:46:00
623	Neophocaena_asiaeorientalis	Mammalia	Laurasiatheria	Artiodactyla	Phocoenidae	Neophocaena	2023-09-19 12:46:00
624	Phocoena_phocoena	Mammalia	Laurasiatheria	Artiodactyla	Phocoenidae	Phocoena	2023-09-19 12:46:00
625	Phocoena_sinus	Mammalia	Laurasiatheria	Artiodactyla	Phocoenidae	Phocoena	2023-09-19 12:46:00
626	Kogia_breviceps	Mammalia	Laurasiatheria	Artiodactyla	Physeteridae	Kogia	2023-09-19 12:46:00
627	Physeter_catodon	Mammalia	Laurasiatheria	Artiodactyla	Physeteridae	Physeter	2023-09-19 12:46:00
628	Platanista_minor	Mammalia	Laurasiatheria	Artiodactyla	Platanistidae	Platanista	2023-09-19 12:46:00
629	Sus_scrofa	Mammalia	Laurasiatheria	Artiodactyla	Suidae	Sus	2023-09-19 12:46:00
630	Catagonus_wagneri	Mammalia	Laurasiatheria	Artiodactyla	Tayassuidae	Catagonus	2023-09-19 12:46:00
631	Tragulus_javanicus	Mammalia	Laurasiatheria	Artiodactyla	Tragulidae	Tragulus	2023-09-19 12:46:00
632	Mesoplodon_bidens	Mammalia	Laurasiatheria	Artiodactyla	Ziphiidae	Mesoplodon	2023-09-19 12:46:00
633	Ziphius_cavirostris	Mammalia	Laurasiatheria	Artiodactyla	Ziphiidae	Ziphius	2023-09-19 12:46:00
634	Ailurus_fulgens	Mammalia	Laurasiatheria	Carnivora	Ailuridae	Ailurus	2023-09-19 12:46:00
635	Canis_familiaris	Mammalia	Laurasiatheria	Carnivora	Canidae	Canis	2023-09-19 12:46:00
636	Canis_lupus_dingo	Mammalia	Laurasiatheria	Carnivora	Canidae	Canis	2023-09-19 12:46:00
637	Lycaon_pictus	Mammalia	Laurasiatheria	Carnivora	Canidae	Lycaon	2023-09-19 12:46:00
638	Vulpes_vulpes	Mammalia	Laurasiatheria	Carnivora	Canidae	Vulpes	2023-09-19 12:46:00
639	Vulpes_lagopus	Mammalia	Laurasiatheria	Carnivora	Canidae	Vulpes	2023-09-19 12:46:00
640	Cryptoprocta_ferox	Mammalia	Laurasiatheria	Carnivora	Eupleridae	Cryptoprocta	2023-09-19 12:46:00
641	Acinonyx_jubatus	Mammalia	Laurasiatheria	Carnivora	Felidae	Acinonyx	2023-09-19 12:46:00
642	Caracal_caracal	Mammalia	Laurasiatheria	Carnivora	Felidae	Caracal	2023-09-19 12:46:00
643	Felis_catus	Mammalia	Laurasiatheria	Carnivora	Felidae	Felis	2023-09-19 12:46:00
644	Felis_nigripes	Mammalia	Laurasiatheria	Carnivora	Felidae	Felis	2023-09-19 12:46:00
645	Leopardus_geoffroyi	Mammalia	Laurasiatheria	Carnivora	Felidae	Leopardus	2023-09-19 12:46:00
646	Lynx_canadensis	Mammalia	Laurasiatheria	Carnivora	Felidae	Lynx	2023-09-19 12:46:00
647	Panthera_tigris_altaica	Mammalia	Laurasiatheria	Carnivora	Felidae	Panthera	2023-09-19 12:46:00
648	Panthera_pardus	Mammalia	Laurasiatheria	Carnivora	Felidae	Panthera	2023-09-19 12:46:00
649	Panthera_onca	Mammalia	Laurasiatheria	Carnivora	Felidae	Panthera	2023-09-19 12:46:00
650	Panthera_leo	Mammalia	Laurasiatheria	Carnivora	Felidae	Panthera	2023-09-19 12:46:00
651	Prionailurus_bengalensis_euptilurus	Mammalia	Laurasiatheria	Carnivora	Felidae	Prionailurus	2023-09-19 12:46:00
652	Prionailurus_iriomotensis	Mammalia	Laurasiatheria	Carnivora	Felidae	Prionailurus	2023-09-19 12:46:00
653	Puma_concolor	Mammalia	Laurasiatheria	Carnivora	Felidae	Puma	2023-09-19 12:46:00
654	Helogale_parvula	Mammalia	Laurasiatheria	Carnivora	Herpestidae	Helogale	2023-09-19 12:46:00
655	Suricata_suricatta	Mammalia	Laurasiatheria	Carnivora	Herpestidae	Suricata	2023-09-19 12:46:00
656	Crocuta_crocuta	Mammalia	Laurasiatheria	Carnivora	Hyaenidae	Crocuta	2023-09-19 12:46:00
657	Hyaena_hyaena	Mammalia	Laurasiatheria	Carnivora	Hyaenidae	Hyaena	2023-09-19 12:46:00
658	Proteles_cristatus	Mammalia	Laurasiatheria	Carnivora	Hyaenidae	Proteles	2023-09-19 12:46:00
659	Spilogale_putorius	Mammalia	Laurasiatheria	Carnivora	Mephitidae	Spilogale	2023-09-19 12:46:00
660	Eira_barbara	Mammalia	Laurasiatheria	Carnivora	Mustelidae	Eira	2023-09-19 12:46:00
661	Enhydra_lutris	Mammalia	Laurasiatheria	Carnivora	Mustelidae	Enhydra	2023-09-19 12:46:00
662	Gulo_gulo	Mammalia	Laurasiatheria	Carnivora	Mustelidae	Gulo	2023-09-19 12:46:00
663	Lutra_lutra	Mammalia	Laurasiatheria	Carnivora	Mustelidae	Lutra	2023-09-19 12:46:00
664	Martes_zibellina	Mammalia	Laurasiatheria	Carnivora	Mustelidae	Martes	2023-09-19 12:46:00
665	Mellivora_capensis	Mammalia	Laurasiatheria	Carnivora	Mustelidae	Mellivora	2023-09-19 12:46:00
666	Mustela_putorius_furo	Mammalia	Laurasiatheria	Carnivora	Mustelidae	Mustela	2023-09-19 12:46:00
667	Mustela_erminea	Mammalia	Laurasiatheria	Carnivora	Mustelidae	Mustela	2023-09-19 12:46:00
668	Neovison_vison	Mammalia	Laurasiatheria	Carnivora	Mustelidae	Neogale	2023-09-19 12:46:00
669	Pteronura_brasiliensis	Mammalia	Laurasiatheria	Carnivora	Mustelidae	Pteronura	2023-09-19 12:46:00
670	Taxidea_taxus	Mammalia	Laurasiatheria	Carnivora	Mustelidae	Taxidea	2023-09-19 12:46:00
671	Odobenus_rosmarus	Mammalia	Laurasiatheria	Carnivora	Odobenidae	Odobenus	2023-09-19 12:46:00
672	Arctocephalus_gazella	Mammalia	Laurasiatheria	Carnivora	Otariidae	Arctocephalus	2023-09-19 12:46:00
673	Callorhinus_ursinus	Mammalia	Laurasiatheria	Carnivora	Otariidae	Callorhinus	2023-09-19 12:46:00
674	Eumetopias_jubatus	Mammalia	Laurasiatheria	Carnivora	Otariidae	Eumetopias	2023-09-19 12:46:00
675	Zalophus_californianus	Mammalia	Laurasiatheria	Carnivora	Otariidae	Zalophus	2023-09-19 12:46:00
676	Halichoerus_grypus	Mammalia	Laurasiatheria	Carnivora	Phocidae	Halichoerus	2023-09-19 12:46:00
677	Leptonychotes_weddellii	Mammalia	Laurasiatheria	Carnivora	Phocidae	Leptonychotes	2023-09-19 12:46:00
678	Mirounga_angustirostris	Mammalia	Laurasiatheria	Carnivora	Phocidae	Mirounga	2023-09-19 12:46:00
679	Neomonachus_schauinslandi	Mammalia	Laurasiatheria	Carnivora	Phocidae	Neomonachus	2023-09-19 12:46:00
680	Potos_flavus	Mammalia	Laurasiatheria	Carnivora	Procyonidae	Potos	2023-09-19 12:46:00
681	Ailuropoda_melanoleuca	Mammalia	Laurasiatheria	Carnivora	Ursidae	Ailuropoda	2023-09-19 12:46:00
682	Ursus_maritimus	Mammalia	Laurasiatheria	Carnivora	Ursidae	Ursus	2023-09-19 12:46:00
683	Ursus_arctos_horribilis	Mammalia	Laurasiatheria	Carnivora	Ursidae	Ursus	2023-09-19 12:46:00
684	Ursus_americanus	Mammalia	Laurasiatheria	Carnivora	Ursidae	Ursus	2023-09-19 12:46:00
685	Ursus_thibetanus_thibetanus	Mammalia	Laurasiatheria	Carnivora	Ursidae	Ursus	2023-09-19 12:46:00
686	Paradoxurus_hermaphroditus	Mammalia	Laurasiatheria	Carnivora	Viverridae	Paradoxurus	2023-09-19 12:46:00
687	Craseonycteris_thonglongyai	Mammalia	Laurasiatheria	Chiroptera	Craseonycteridae	Craseonycteris	2023-09-19 12:46:00
688	Hipposideros_galeritus	Mammalia	Laurasiatheria	Chiroptera	Hipposideridae	Hipposideros	2023-09-19 12:46:00
689	Hipposideros_armiger	Mammalia	Laurasiatheria	Chiroptera	Hipposideridae	Hipposideros	2023-09-19 12:46:00
690	Hipposideros_pendleburyi	Mammalia	Laurasiatheria	Chiroptera	Hipposideridae	Hipposideros	2023-09-19 12:46:00
691	Megaderma_lyra	Mammalia	Laurasiatheria	Chiroptera	Megadermatidae	Megaderma	2023-09-19 12:46:00
692	Molossus_molossus	Mammalia	Laurasiatheria	Chiroptera	Molossidae	Molossus	2023-09-19 12:46:00
693	Tadarida_brasiliensis	Mammalia	Laurasiatheria	Chiroptera	Molossidae	Tadarida	2023-09-19 12:46:00
694	Mormoops_blainvillei	Mammalia	Laurasiatheria	Chiroptera	Mormoopidae	Mormoops	2023-09-19 12:46:00
695	Pteronotus_parnellii	Mammalia	Laurasiatheria	Chiroptera	Mormoopidae	Pteronotus	2023-09-19 12:46:00
696	Noctilio_leporinus	Mammalia	Laurasiatheria	Chiroptera	Noctilionidae	Noctilio	2023-09-19 12:46:00
697	Anoura_caudifer	Mammalia	Laurasiatheria	Chiroptera	Phyllostomidae	Anoura	2023-09-19 12:46:00
698	Artibeus_jamaicensis	Mammalia	Laurasiatheria	Chiroptera	Phyllostomidae	Artibeus	2023-09-19 12:46:00
699	Carollia_perspicillata	Mammalia	Laurasiatheria	Chiroptera	Phyllostomidae	Carollia	2023-09-19 12:46:00
700	Desmodus_rotundus	Mammalia	Laurasiatheria	Chiroptera	Phyllostomidae	Desmodus	2023-09-19 12:46:00
701	Macrotus_californicus	Mammalia	Laurasiatheria	Chiroptera	Phyllostomidae	Macrotus	2023-09-19 12:46:00
702	Micronycteris_hirsuta	Mammalia	Laurasiatheria	Chiroptera	Phyllostomidae	Micronycteris	2023-09-19 12:46:00
703	Phyllostomus_discolor	Mammalia	Laurasiatheria	Chiroptera	Phyllostomidae	Phyllostomus	2023-09-19 12:46:00
704	Sturnira_hondurensis	Mammalia	Laurasiatheria	Chiroptera	Phyllostomidae	Sturnira	2023-09-19 12:46:00
705	Tonatia_saurophila	Mammalia	Laurasiatheria	Chiroptera	Phyllostomidae	Tonatia	2023-09-19 12:46:00
706	Cynopterus_brachyotis	Mammalia	Laurasiatheria	Chiroptera	Pteropodidae	Cynopterus	2023-09-19 12:46:00
707	Eidolon_helvum	Mammalia	Laurasiatheria	Chiroptera	Pteropodidae	Eidolon	2023-09-19 12:46:00
708	Eidolon_dupreanum	Mammalia	Laurasiatheria	Chiroptera	Pteropodidae	Eidolon	2023-09-19 12:46:00
709	Eonycteris_spelaea	Mammalia	Laurasiatheria	Chiroptera	Pteropodidae	Eonycteris	2023-09-19 12:46:00
710	Macroglossus_sobrinus	Mammalia	Laurasiatheria	Chiroptera	Pteropodidae	Macroglossus	2023-09-19 12:46:00
711	Pteropus_alecto	Mammalia	Laurasiatheria	Chiroptera	Pteropodidae	Pteropus	2023-09-19 12:46:00
712	Pteropus_vampyrus	Mammalia	Laurasiatheria	Chiroptera	Pteropodidae	Pteropus	2023-09-19 12:46:00
713	Pteropus_giganteus	Mammalia	Laurasiatheria	Chiroptera	Pteropodidae	Pteropus	2023-09-19 12:46:00
714	Pteropus_pselaphon	Mammalia	Laurasiatheria	Chiroptera	Pteropodidae	Pteropus	2023-09-19 12:46:00
715	Rousettus_aegyptiacus	Mammalia	Laurasiatheria	Chiroptera	Pteropodidae	Rousettus	2023-09-19 12:46:00
716	Rousettus_leschenaultii	Mammalia	Laurasiatheria	Chiroptera	Pteropodidae	Rousettus	2023-09-19 12:46:00
717	Rhinolophus_ferrumequinum	Mammalia	Laurasiatheria	Chiroptera	Rhinolophidae	Rhinolophus	2023-09-19 12:46:00
718	Rhinolophus_sinicus	Mammalia	Laurasiatheria	Chiroptera	Rhinolophidae	Rhinolophus	2023-09-19 12:46:00
719	Lasiurus_cinereus	Mammalia	Laurasiatheria	Chiroptera	Vespertilionidae	Aeorestes	2023-09-19 12:46:00
720	Antrozous_pallidus	Mammalia	Laurasiatheria	Chiroptera	Vespertilionidae	Antrozous	2023-09-19 12:46:00
721	Eptesicus_fuscus	Mammalia	Laurasiatheria	Chiroptera	Vespertilionidae	Eptesicus	2023-09-19 12:46:00
722	Lasiurus_borealis	Mammalia	Laurasiatheria	Chiroptera	Vespertilionidae	Lasiurus	2023-09-19 12:46:00
723	Miniopterus_natalensis	Mammalia	Laurasiatheria	Chiroptera	Vespertilionidae	Miniopterus	2023-09-19 12:46:00
724	Miniopterus_schreibersii	Mammalia	Laurasiatheria	Chiroptera	Vespertilionidae	Miniopterus	2023-09-19 12:46:00
725	Murina_aurata_feae	Mammalia	Laurasiatheria	Chiroptera	Vespertilionidae	Murina	2023-09-19 12:46:00
726	Myotis_brandtii	Mammalia	Laurasiatheria	Chiroptera	Vespertilionidae	Myotis	2023-09-19 12:46:00
727	Myotis_davidii	Mammalia	Laurasiatheria	Chiroptera	Vespertilionidae	Myotis	2023-09-19 12:46:00
728	Myotis_lucifugus	Mammalia	Laurasiatheria	Chiroptera	Vespertilionidae	Myotis	2023-09-19 12:46:00
729	Myotis_myotis	Mammalia	Laurasiatheria	Chiroptera	Vespertilionidae	Myotis	2023-09-19 12:46:00
730	Nycticeius_humeralis	Mammalia	Laurasiatheria	Chiroptera	Vespertilionidae	Nycticeius	2023-09-19 12:46:00
731	Pipistrellus_pipistrellus	Mammalia	Laurasiatheria	Chiroptera	Vespertilionidae	Pipistrellus	2023-09-19 12:46:00
732	Pipistrellus_kuhlii	Mammalia	Laurasiatheria	Chiroptera	Vespertilionidae	Pipistrellus	2023-09-19 12:46:00
733	Erinaceus_europaeus	Mammalia	Laurasiatheria	Eulipotyphla	Erinaceidae	Erinaceus	2023-09-19 12:46:00
734	Solenodon_paradoxus_woodi	Mammalia	Laurasiatheria	Eulipotyphla	Solenodontidae	Solenodon	2023-09-19 12:46:00
735	Crocidura_indochinensis	Mammalia	Laurasiatheria	Eulipotyphla	Soricidae	Crocidura	2023-09-19 12:46:00
736	Cryptotis_parvus	Mammalia	Laurasiatheria	Eulipotyphla	Soricidae	Cryptotis	2023-09-19 12:46:00
737	Sorex_araneus	Mammalia	Laurasiatheria	Eulipotyphla	Soricidae	Sorex	2023-09-19 12:46:00
738	Condylura_cristata	Mammalia	Laurasiatheria	Eulipotyphla	Talpidae	Condylura	2023-09-19 12:46:00
739	Galemys_pyrenaicus	Mammalia	Laurasiatheria	Eulipotyphla	Talpidae	Galemys	2023-09-19 12:46:00
740	Scalopus_aquaticus	Mammalia	Laurasiatheria	Eulipotyphla	Talpidae	Scalopus	2023-09-19 12:46:00
741	Uropsilus_gracilis	Mammalia	Laurasiatheria	Eulipotyphla	Talpidae	Uropsilus	2023-09-19 12:46:00
742	Equus_africanus_asinus	Mammalia	Laurasiatheria	Perissodactyla	Equidae	Equus	2023-09-19 12:46:00
743	Equus_caballus	Mammalia	Laurasiatheria	Perissodactyla	Equidae	Equus	2023-09-19 12:46:00
744	Equus_ferus_przewalskii	Mammalia	Laurasiatheria	Perissodactyla	Equidae	Equus	2023-09-19 12:46:00
745	Equus_ferus_thistlecreek	Mammalia	Laurasiatheria	Perissodactyla	Equidae	Equus	2023-09-19 12:46:00
746	Equus_zebra_hartmannae	Mammalia	Laurasiatheria	Perissodactyla	Equidae	Equus	2023-09-19 12:46:00
747	Equus_kiang	Mammalia	Laurasiatheria	Perissodactyla	Equidae	Equus	2023-09-19 12:46:00
748	Equus_hemionus	Mammalia	Laurasiatheria	Perissodactyla	Equidae	Equus	2023-09-19 12:46:00
749	Equus_grevyi	Mammalia	Laurasiatheria	Perissodactyla	Equidae	Equus	2023-09-19 12:46:00
750	Equus_burchellii_quagga	Mammalia	Laurasiatheria	Perissodactyla	Equidae	Equus	2023-09-19 12:46:00
751	Equus_burchellii_boehmi	Mammalia	Laurasiatheria	Perissodactyla	Equidae	Equus	2023-09-19 12:46:00
752	Equus_asinus_somalicus	Mammalia	Laurasiatheria	Perissodactyla	Equidae	Equus	2023-09-19 12:46:00
753	Equus_quagga	Mammalia	Laurasiatheria	Perissodactyla	Equidae	Equus	2023-09-19 12:46:00
754	Ceratotherium_simum	Mammalia	Laurasiatheria	Perissodactyla	Rhinocerotidae	Ceratotherium	2023-09-19 12:46:00
755	Ceratotherium_simum_cottoni	Mammalia	Laurasiatheria	Perissodactyla	Rhinocerotidae	Ceratotherium	2023-09-19 12:46:00
756	Dicerorhinus_sumatrensis_sumatrensis	Mammalia	Laurasiatheria	Perissodactyla	Rhinocerotidae	Dicerorhinus	2023-09-19 12:46:00
757	Diceros_bicornis	Mammalia	Laurasiatheria	Perissodactyla	Rhinocerotidae	Diceros	2023-09-19 12:46:00
758	Tapirus_indicus	Mammalia	Laurasiatheria	Perissodactyla	Tapiridae	Tapirus	2023-09-19 12:46:00
759	Manis_pentadactyla	Mammalia	Laurasiatheria	Pholidota	Manidae	Manis	2023-09-19 12:46:00
760	Manis_javanica	Mammalia	Laurasiatheria	Pholidota	Manidae	Manis	2023-09-19 12:46:00
761	Manis_tricuspis	Mammalia	Laurasiatheria	Pholidota	Manidae	Phataginus	2023-09-19 12:46:00
762	Phataginus_tricuspis	Mammalia	Laurasiatheria	Pholidota	Manidae	Phataginus	2023-09-19 12:46:00
763	Antechinus_stuartii	Mammalia	Marsupialia	Dasyuromorphia	Dasyuridae	Antechinus	2023-09-19 12:46:00
764	Dasyurus_viverrinus	Mammalia	Marsupialia	Dasyuromorphia	Dasyuridae	Dasyurus	2023-09-19 12:46:00
765	Sarcophilus_harrisii	Mammalia	Marsupialia	Dasyuromorphia	Dasyuridae	Sarcophilus	2023-09-19 12:46:00
766	Thylacine_cynocephalus	Mammalia	Marsupialia	Dasyuromorphia	Thylacinidae	Thylacine	2023-09-19 12:46:00
767	Gracilinanus_agilis	Mammalia	Marsupialia	Didelphimorphia	Didelphidae	Gracilinanus	2023-09-19 12:46:00
768	Monodelphis_domestica	Mammalia	Marsupialia	Didelphimorphia	Didelphidae	Monodelphis	2023-09-19 12:46:00
769	Macropus_eugenii	Mammalia	Marsupialia	Diprotodontia	Macropodidae	Notamacropus	2023-09-19 12:46:00
770	Gymnobelideus_leadbeateri	Mammalia	Marsupialia	Diprotodontia	Petauridae	Gymnobelideus	2023-09-19 12:46:00
771	Petaurus_breviceps	Mammalia	Marsupialia	Diprotodontia	Petauridae	Petaurus	2023-09-19 12:46:00
772	Phascolarctos_cinereus	Mammalia	Marsupialia	Diprotodontia	Phascolarctidae	Phascolarctos	2023-09-19 12:46:00
773	Bettongia_penicillata_ogilbyi	Mammalia	Marsupialia	Diprotodontia	Potoroidae	Bettongia	2023-09-19 12:46:00
774	Vombatus_ursinus	Mammalia	Marsupialia	Diprotodontia	Vombatidae	Vombatus	2023-09-19 12:46:00
775	Dromiciops_gliroides	Mammalia	Marsupialia	Microbiotheria	Microbiotheriidae	Dromiciops	2023-09-19 12:46:00
776	Ornithorhynchus_anatinus	Mammalia	Monotremata	Monotremata	Ornithorhynchidae	Ornithorhynchus	2023-09-19 12:46:00
777	Tachyglossus_aculeatus	Mammalia	Monotremata	Monotremata	Tachyglossidae	Tachyglossus	2023-09-19 12:46:00
778	Mammalia	Mammalia	Unclassified	Unclassified	Unclassified	Unclassified	2023-09-19 12:46:00
779	Cabassous_unicinctus	Mammalia	Xenarthra	Cingulata	Chlamyphoridae	Cabassous	2023-09-19 12:46:00
780	Chaetophractus_vellerosus	Mammalia	Xenarthra	Cingulata	Chlamyphoridae	Chaetophractus	2023-09-19 12:46:00
781	Tolypeutes_matacus	Mammalia	Xenarthra	Cingulata	Chlamyphoridae	Tolypeutes	2023-09-19 12:46:00
782	Dasypus_novemcinctus	Mammalia	Xenarthra	Cingulata	Dasypodidae	Dasypus	2023-09-19 12:46:00
783	Bradypus_variegatus	Mammalia	Xenarthra	Pilosa	Bradypodidae	Bradypus	2023-09-19 12:46:00
784	Choloepus_hoffmanni	Mammalia	Xenarthra	Pilosa	Megalonychidae	Choloepus	2023-09-19 12:46:00
785	Choloepus_didactylus	Mammalia	Xenarthra	Pilosa	Megalonychidae	Choloepus	2023-09-19 12:46:00
786	Myrmecophaga_tridactyla	Mammalia	Xenarthra	Pilosa	Myrmecophagidae	Myrmecophaga	2023-09-19 12:46:00
787	Tamandua_tetradactyla	Mammalia	Xenarthra	Pilosa	Myrmecophagidae	Tamandua	2023-09-19 12:46:00
788	Alligator_mississippiensis	Reptile	Crocodylia	Crocodylia	Alligatoridae	Alligator	2023-09-19 12:46:00
789	Alligator_sinensis	Reptile	Crocodylia	Crocodylia	Alligatoridae	Alligator	2023-09-19 12:46:00
790	Crocodylus_porosus	Reptile	Crocodylia	Crocodylia	Crocodylidae	Crocodylus	2023-09-19 12:46:00
791	Gavialis_gangeticus	Reptile	Crocodylia	Crocodylia	Gavialidae	Gavialis	2023-09-19 12:46:00
792	Pogona_vitticeps	Reptile	Lepidosauria	Squamata	Agamidae	Pogona	2023-09-19 12:46:00
793	Elgaria_multicarinata_webbii	Reptile	Lepidosauria	Squamata	Anguidae	Elgaria	2023-09-19 12:46:00
794	Charina_bottae	Reptile	Lepidosauria	Squamata	Boidae	Charina	2023-09-19 12:46:00
795	Arizona_elegans	Reptile	Lepidosauria	Squamata	Colubridae	Arizona	2023-09-19 12:46:00
796	Pantherophis_guttatus	Reptile	Lepidosauria	Squamata	Colubridae	Pantherophis	2023-09-19 12:46:00
797	Pantherophis_obsoletus	Reptile	Lepidosauria	Squamata	Colubridae	Pantherophis	2023-09-19 12:46:00
798	Pituophis_catenifer_pumilus	Reptile	Lepidosauria	Squamata	Colubridae	Pituophis	2023-09-19 12:46:00
799	Ptyas_mucosa	Reptile	Lepidosauria	Squamata	Colubridae	Ptyas	2023-09-19 12:46:00
800	Thamnophis_sirtalis	Reptile	Lepidosauria	Squamata	Colubridae	Thamnophis	2023-09-19 12:46:00
801	Thamnophis_elegans	Reptile	Lepidosauria	Squamata	Colubridae	Thamnophis	2023-09-19 12:46:00
802	Anolis_carolinensis	Reptile	Lepidosauria	Squamata	Dactyloidae	Anolis	2023-09-19 12:46:00
803	Diadophis_punctatus_similis	Reptile	Lepidosauria	Squamata	Dipsadidae	Diadophis	2023-09-19 12:46:00
804	Thermophis_baileyi	Reptile	Lepidosauria	Squamata	Dipsadidae	Thermophis	2023-09-19 12:46:00
805	Bungarus_multicinctus	Reptile	Lepidosauria	Squamata	Elapidae	Bungarus	2023-09-19 12:46:00
806	Laticauda_laticaudata	Reptile	Lepidosauria	Squamata	Elapidae	Laticauda	2023-09-19 12:46:00
807	Laticauda_colubrina	Reptile	Lepidosauria	Squamata	Elapidae	Laticauda	2023-09-19 12:46:00
808	Naja_naja	Reptile	Lepidosauria	Squamata	Elapidae	Naja	2023-09-19 12:46:00
809	Notechis_scutatus	Reptile	Lepidosauria	Squamata	Elapidae	Notechis	2023-09-19 12:46:00
810	Ophiophagus_hannah	Reptile	Lepidosauria	Squamata	Elapidae	Ophiophagus	2023-09-19 12:46:00
811	Pseudonaja_textilis	Reptile	Lepidosauria	Squamata	Elapidae	Pseudonaja	2023-09-19 12:46:00
812	Gekko_japonicus	Reptile	Lepidosauria	Squamata	Gekkonidae	Gekko	2023-09-19 12:46:00
813	Paroedura_picta	Reptile	Lepidosauria	Squamata	Gekkonidae	Paroedura	2023-09-19 12:46:00
814	Calyptommatus_sinebrachiatus	Reptile	Lepidosauria	Squamata	Gymnophthalmidae	Calyptommatus	2023-09-19 12:46:00
815	Tretioscincus_oriximinensis	Reptile	Lepidosauria	Squamata	Gymnophthalmidae	Tretioscincus	2023-09-19 12:46:00
816	Emydocephalus_ijimae	Reptile	Lepidosauria	Squamata	Hydrophiidae	Emydocephalus	2023-09-19 12:46:00
817	Hydrophis_melanocephalus	Reptile	Lepidosauria	Squamata	Hydrophiidae	Hydrophis	2023-09-19 12:46:00
818	Hydrophis_cyanocinctus	Reptile	Lepidosauria	Squamata	Hydrophiidae	Hydrophis	2023-09-19 12:46:00
819	Hydrophis_curtus	Reptile	Lepidosauria	Squamata	Hydrophiidae	Hydrophis	2023-09-19 12:46:01
820	Lacerta_viridis	Reptile	Lepidosauria	Squamata	Lacertidae	Lacerta	2023-09-19 12:46:01
821	Lacerta_bilineata	Reptile	Lepidosauria	Squamata	Lacertidae	Lacerta	2023-09-19 12:46:01
822	Lacerta_agilis	Reptile	Lepidosauria	Squamata	Lacertidae	Lacerta	2023-09-19 12:46:01
823	Podarcis_muralis	Reptile	Lepidosauria	Squamata	Lacertidae	Podarcis	2023-09-19 12:46:01
824	Zootoca_vivipara	Reptile	Lepidosauria	Squamata	Lacertidae	Zootoca	2023-09-19 12:46:01
825	Phrynosoma_platyrhinos	Reptile	Lepidosauria	Squamata	Phrynosomatidae	Phrynosoma	2023-09-19 12:46:01
826	Phrynosoma_blainvillii	Reptile	Lepidosauria	Squamata	Phrynosomatidae	Phrynosoma	2023-09-19 12:46:01
827	Sceloporus_undulatus	Reptile	Lepidosauria	Squamata	Phrynosomatidae	Sceloporus	2023-09-19 12:46:01
828	Sceloporus_tristichus	Reptile	Lepidosauria	Squamata	Phrynosomatidae	Sceloporus	2023-09-19 12:46:01
829	Sceloporus_occidentalis	Reptile	Lepidosauria	Squamata	Phrynosomatidae	Sceloporus	2023-09-19 12:46:01
830	Python_bivittatus	Reptile	Lepidosauria	Squamata	Pythonidae	Python	2023-09-19 12:46:01
831	Shinisaurus_crocodilurus	Reptile	Lepidosauria	Squamata	Shinisauridae	Shinisaurus	2023-09-19 12:46:01
832	Sphaerodactylus_townsendi	Reptile	Lepidosauria	Squamata	Sphaerodactylidae	Sphaerodactylus	2023-09-19 12:46:01
833	Cnemidophorus_marmoratus	Reptile	Lepidosauria	Squamata	Teiidae	Aspidoscelis	2023-09-19 12:46:01
834	Aspidoscelis_tigris_stejnegeri	Reptile	Lepidosauria	Squamata	Teiidae	Aspidoscelis	2023-09-19 12:46:01
835	Salvator_merianae	Reptile	Lepidosauria	Squamata	Teiidae	Salvator	2023-09-19 12:46:01
836	Anilios_bituberculatus	Reptile	Lepidosauria	Squamata	Typhlopidae	Anilios	2023-09-19 12:46:01
837	Varanus_komodoensis	Reptile	Lepidosauria	Squamata	Varanidae	Varanus	2023-09-19 12:46:01
838	Varanus_salvator_macromaculatus	Reptile	Lepidosauria	Squamata	Varanidae	Varanus	2023-09-19 12:46:01
839	Azemiops_feae	Reptile	Lepidosauria	Squamata	Viperidae	Azemiops	2023-09-19 12:46:01
840	Vipera_berus_berus	Reptile	Lepidosauria	Squamata	Viperidae	Vipera	2023-09-19 12:46:01
841	Bothrops_jararaca	Reptile	Lepidosauria	Squamata	Viperidae	Bothrops	2023-09-19 12:46:01
842	Crotalus_mitchellii_pyrrhus	Reptile	Lepidosauria	Squamata	Viperidae	Crotalus	2023-09-19 12:46:01
843	Crotalus_horridus	Reptile	Lepidosauria	Squamata	Viperidae	Crotalus	2023-09-19 12:46:01
844	Crotalus_viridis	Reptile	Lepidosauria	Squamata	Viperidae	Crotalus	2023-09-19 12:46:01
845	Crotalus_tigris	Reptile	Lepidosauria	Squamata	Viperidae	Crotalus	2023-09-19 12:46:01
846	Crotalus_adamanteus	Reptile	Lepidosauria	Squamata	Viperidae	Crotalus	2023-09-19 12:46:01
847	Protobothrops_mucrosquamatus	Reptile	Lepidosauria	Squamata	Viperidae	Protobothrops	2023-09-19 12:46:01
848	Protobothrops_flavoviridis	Reptile	Lepidosauria	Squamata	Viperidae	Protobothrops	2023-09-19 12:46:01
849	Vipera_berus	Reptile	Lepidosauria	Squamata	Viperidae	Vipera	2023-09-19 12:46:01
850	Sphenodon_punctatus	Reptile	Sphenodontia	Sphenodontia	Sphenodontidae	Sphenodon	2023-09-19 12:46:01
851	Carettochelys_insculpta	Reptile	Testudines	Testudines	Carettochelyidae	Carettochelys	2023-09-19 12:46:01
852	Emydura_subglobosa	Reptile	Testudines	Testudines	Chelidae	Emydura	2023-09-19 12:46:01
853	Mesoclemmys_tuberculata	Reptile	Testudines	Testudines	Chelidae	Mesoclemmys	2023-09-19 12:46:01
854	Caretta_caretta	Reptile	Testudines	Testudines	Cheloniidae	Caretta	2023-09-19 12:46:01
855	Chelonia_mydas	Reptile	Testudines	Testudines	Cheloniidae	Chelonia	2023-09-19 12:46:01
856	Chelydra_serpentina	Reptile	Testudines	Testudines	Chelydridae	Chelydra	2023-09-19 12:46:01
857	Dermatemys_mawii	Reptile	Testudines	Testudines	Dermatemydidae	Dermatemys	2023-09-19 12:46:01
858	Dermochelys_coriacea	Reptile	Testudines	Testudines	Dermochelyidae	Dermochelys	2023-09-19 12:46:01
859	Emys_pallida	Reptile	Testudines	Testudines	Emydidae	Actinemys	2023-09-19 12:46:01
860	Actinemys_marmorata	Reptile	Testudines	Testudines	Emydidae	Actinemys	2023-09-19 12:46:01
861	Chrysemys_picta	Reptile	Testudines	Testudines	Emydidae	Chrysemys	2023-09-19 12:46:01
862	Malaclemys_terrapin_terrapin	Reptile	Testudines	Testudines	Emydidae	Malaclemys	2023-09-19 12:46:01
863	Terrapene_mexicana_triunguis	Reptile	Testudines	Testudines	Emydidae	Terrapene	2023-09-19 12:46:01
864	Trachemys_scripta_elegans	Reptile	Testudines	Testudines	Emydidae	Trachemys	2023-09-19 12:46:01
865	Trachemys_scripta	Reptile	Testudines	Testudines	Emydidae	Trachemys	2023-09-19 12:46:01
866	Cuora_mccordi	Reptile	Testudines	Testudines	Geoemydidae	Cuora	2023-09-19 12:46:01
867	Cuora_amboinensis	Reptile	Testudines	Testudines	Geoemydidae	Cuora	2023-09-19 12:46:01
868	Mauremys_reevesii	Reptile	Testudines	Testudines	Geoemydidae	Mauremys	2023-09-19 12:46:01
869	Mauremys_mutica	Reptile	Testudines	Testudines	Geoemydidae	Mauremys	2023-09-19 12:46:01
870	Pelusios_castaneus	Reptile	Testudines	Testudines	Pelomedusidae	Pelusios	2023-09-19 12:46:01
871	Platysternon_megacephalum	Reptile	Testudines	Testudines	Platysternidae	Platysternon	2023-09-19 12:46:01
872	Podocnemis_expansa	Reptile	Testudines	Testudines	Podocnemididae	Podocnemis	2023-09-19 12:46:01
873	Chelonoidis_abingdonii	Reptile	Testudines	Testudines	Testudinidae	Chelonoidis	2023-09-19 12:46:01
874	Gopherus_evgoodei	Reptile	Testudines	Testudines	Testudinidae	Gopherus	2023-09-19 12:46:01
875	Gopherus_agassizii	Reptile	Testudines	Testudines	Testudinidae	Gopherus	2023-09-19 12:46:01
876	Apalone_spinifera	Reptile	Testudines	Testudines	Trionychidae	Apalone	2023-09-19 12:46:01
877	Pelodiscus_sinensis	Reptile	Testudines	Testudines	Trionychidae	Pelodiscus	2023-09-19 12:46:01
878	Rafetus_swinhoei	Reptile	Testudines	Testudines	Trionychidae	Rafetus	2023-09-19 12:46:01
